raw_key,date,brand,model,status
a56b7171fcc89c0497140a626ff544faae38407002d8c3c48694f8ceeceb9528,2012-01-03,Unknown,TORCH 9810,적합
c2469465693e712776a400648f64fa33165c54be84db17a5f79a043508ec0edf,2012-01-03,Unknown,EXPLORER,적합
8a39794eea35a67111f4744c018df19707c34896acdfb9dab3319c55a9ec4e7d,2012-01-03,Huawei,U8350,적합
772ad75945e10d22a84438aea15e0c80d0f812741c183c6a5c1be6371cd789ae,2012-01-03,Nokia,C1-01,적합
88e9a3eb04d980012370faa8c3c3558810df54084967b6a9c4fd65758b0211dd,2012-01-03,Samsung,GALAXY SCL,적합
b968349db4848eb7a3546f23bd2c981835a2087b142a477c81698db4a1bf7507,2012-01-03,Sony,XPERIA RAY,적합
385c9da10e10b1d04167fec5c453fa6466f1ce5d8ad8f95263d797f539975d28,2012-01-03,Sony,XPERIA MINI PRO,적합
45975a0a457cfbcf38eb1fe2ca90dd39d8caed69fa368a773e3b915f485c41f9,2012-01-26,Unknown,OT-908F,적합
263f759fff5185aa0230dfc7cd82226fdce2c0fddcc0678ec2ddd99cd80bf77c,2012-01-26,Unknown,TORCH 9860,적합
1c2214329ad0c8aeeca77574e0f161082cbc9a41a9fca7a65a92df77b3977f5a,2012-01-26,Unknown,A250,적합
4a358b7f3e33ef896d7c54d18dd3dbd7748bc50010d31608c8742a80b5b10965,2012-01-26,Unknown,A170,적합
c12d1a926bb8cf560cd8fd3b83e2e3a675704f3d52740609dfaf594130101742,2012-01-26,Unknown,VIEWTY SMILE,적합
b038a7e39b5aace9290c42ba43b4fe1f1441aa0f4d0a4360fe526ebfd9be6217,2012-01-26,Nokia,C2-02,적합
ed03891242a52e574c20f399ed57398e953f5fad6428400debeb948e43ee92d7,2012-01-26,Nokia,LUMIA 800,적합
7fb4e49e0eeb37c9c9c29c2a99d151286e4050e4703ae6acc359972501372de8,2012-01-26,Unknown,MINIMI,적합
4d97a583982371eb4ff7b41faf3c9ff35f6c0483a47737acbf9d1366695fe937,2012-01-27,Unknown,EVO 3D,적합
8607c8192d2945b7633f47622d61c313d5acba47c3063cd72d405155e61a190a,2012-01-27,Unknown,116,적합
f0b5470e27aca9dd5413082174290a99b55b3e06633e4dcf1a829663b255ff78,2012-01-27,Unknown,122,적합
2a46fb6d188e03485356de3bc4c18b8ff6d48bc85dc8ef978a1f288862682240,2012-01-27,Unknown,132 (ZTE F1100),적합
e4635bfa57f9b10600e83892db41e612c3438426a32fe8fe6797c302defbcd75,2012-02-02,Unknown,OT-990,적합
03c5d1b733ef2c39d5a6d8db9dd743f6e93f8e821634d48ac9be91ccc4146ebc,2012-02-02,Motorola,ATRIX MVRQ6,적합
ef425ec14a2d1a2ac577819989db058b817890fa5546c4f8cc232b8f1a324bea,2012-02-02,Nokia,E5-00,적합
ca70db0cba46e7d30f6510f438e3912ddbb2411c4c632af20ce3184aad098820,2012-02-02,Samsung,GALAXY NOTE GT-N7000,적합
4b95ba880bd14473aaa2f95fa66a14ea462efcec76720bb3f873ab7c53cb1e90,2012-02-14,Unknown,BOLD 9900,적합
c7df516fb19a212d5f3dcfc37cfcbb5cc9519c8d697af05ba3aa58fa8ac66519,2012-02-14,Motorola,ATRIX MVRQ6,적합
ec5fb3ce274b2b92218e8d7e7ef4652da43dc86ddab9af68378dce30e373b517,2012-02-14,Nokia,2220 SLIDE,적합
80c9f77843ad2226251fec8d507bba6bbc5128f0b177b77dd43084d62cf9d461,2012-02-14,Unknown,DALLAS (ZTE GR250),적합
254ad7de8f1205f2d24eadfecae4c167c11d30b68bd2fd7f262a351279110a01,2012-02-16,Unknown,KAWA,적합
180f3b1103895624bad18908dfd7388ef27b01e3e71748c938300b4afbd9ab39,2012-02-21,Samsung,E2530,적합
a8d98f1a21edba58caecb465f139d9db45092652e6a8fabda735f9a99531a6e8,2012-02-21,Samsung,GALAXY Y GT-S5360,적합
31544159c37ff3622c0e34d5f2d42dd7e0f2d8592590216ffe9d6a7ad7c6b02f,2012-02-21,Samsung,GT-E2330,적합
1d0221273eb65f44fb9c6ff88930265fab1c3abb08c8ed933ce0cc460e274e82,2012-02-21,Unknown,STARNAUTE,적합
79b0ac596ce7b8bf773781bbf5a9636c7550d880e5b512d08d3fc21bcb56d378,2012-02-29,Unknown,ALLEGRO,적합
bb05f8344158c3f9ca99418268f46471dadb911697d48c238501a4a1168766b9,2012-02-29,Nokia,E6-00,적합
b98ff5eb84cf8e6433c061732659daf26ff1442a71627fc647dfd31ba0ce391b,2012-03-14,Unknown,OT585,적합
084b26676e19601f571921064dfd8006d63bbbe9f4ba731c5e9d15743e182553,2012-03-14,Nokia,LUMIA 710,적합
5c373e13ebb83a9329aaa14cce45989986942f7e1ea727397694e39c3bf16ee5,2012-03-14,Samsung,GALAXY ACE (GT ? S5830),적합
b0ebcb5a7c12a43cc577455f52e96fd1156dbeab073c4b0059dcd63c52af8935,2012-03-14,Samsung,GALAXY MINI (GT ? S5570),적합
d34c7e1d4eb43b4dc369a6e6489e3971abca4540961505ee64914628a235cbd1,2012-03-14,Unknown,GX 991,적합
b73d2b5c211e1fdf59d1f639025e1faa657c61fc5c28d8022e06a74fe52fc674,2012-03-14,Unknown,RACER 2,적합
a9bc4565582a70a544d3d6336bdcf059acf7dee3554038bdd3dab7b2c12f7b0d,2012-03-15,Unknown,EXTREM,적합
7407a108758f49d39b751d934b48161ed87638b0e76ac6ba6bcea8de5a2448c8,2012-03-15,Nokia,ATI-1800 (NOKIA 5500),적합
cc0690b44131ce4923a1ec3e2e3f92750f26cd7f43bdabd286f41bba413ab760,2012-03-20,Apple,IPHONE 3 GS 8GB,적합
f4f95e03dbf0055bd5932a8db1950acbb9d0eb5bfc92c4342c23157208e9b197,2012-03-20,Unknown,PRADA P-940,적합
61c9b9d53b787a70345f4260966216d8cb5376710000b0ba5f0d95c6902d1c53,2012-03-20,Sony,LIVE & WALKMAN WT 19i,적합
8c51b3de3be1f1d51b897e48ac10acebc703ba629d063b4c9d14ee5d464f7946,2012-03-20,Sony,YENDO W150i,적합
b6036f8972d366fbd451b7380d4d74e848c2fd1c957539ab0f7fe4aab3764f82,2012-03-21,Motorola,RAZR,적합
2d470fb8734d432dc8ef5d6bbd62495ae9cfb418a3cc52b147df49369b349ff0,2012-03-21,Unknown,WINDOWS PHONE INTERNET 7,적합
1980865755d97905fc93c213fbcfaef347a624fd7aad4ad6b9e85d9ca0aa8ecd,2012-03-21,Unknown,STARTEXT,적합
e1889fb5463195c182916d7d4507203c032b0dbeddc0b1682b15ca6116661082,2012-03-28,Unknown,OT-355,적합
d98aaf8d7ffb89e4946c9f9ddbcf6288e50fe267c3108f91d3a835cc41f5a0fd,2012-03-28,Unknown,OT-602,적합
c8e374366ef6b44cf8daa2d4643f1fb96cb0cdf7520429d0669abde7bd326f27,2012-03-28,Motorola,WX 295,적합
e102f17caa1abdd8d0e4d269a7de02a7b3773d4542c3f845e5f629a05a99e736,2012-03-28,Unknown,1150 LS,적합
c1a33dfe74d67558f8b487546f5fb2745ceb939d5bce7cfd5ef1de084eed4aba,2012-04-09,Huawei,ORANGE PANAMA,적합
22f099b87d45ed9af2071dfa9404ff8c78b1954ed32e9ebd880f9a53c6fcf39e,2012-04-09,Unknown,T-385-B WIFI,적합
ebcd36bdec5d76d35bacee40d9fe6f21014eff5ad6b2800879b39076288f27ae,2012-04-09,Nokia,ASHA RM-714,적합
c6a4c7f2d2ee539d733b6ff264281183e9efa14fff809600bd3b0fa655592017,2012-04-09,Nokia,LUMIA 610 (RM-849),적합
55e3427eb912e7ae16ca9be88c24a28355e4948e543ecb982cbc76cd88f3c010,2012-04-09,Samsung,GALAXY Y PRO GT-B5510,적합
7152a69b3cd0f1bf0fd3bf86eafd48ee367616bc6c42cbe9ae49c847a1c12d9e,2012-04-09,Sony,XPERIA P,적합
d47b4f467b8a3bca7e42743b9939acd593d67952cc9eb68839611f1b0f391f1a,2012-04-26,Unknown,C 360,적합
b1c6e92c496b6ab6cc209c0095fada6a73bc7c8014246d338685d5cd1b11d44f,2012-04-26,Nokia,700 ? RM670,적합
c56297772a2383432bb6aff46df1087bf505822af782a95a06aab8d67243f083,2012-04-26,Samsung,E1050,적합
f3389932d2a44e14f2812d7ed7a60104d6e0b92e93b82c045d012b93e2184219,2012-04-26,Unknown,152,적합
dc4eefd9ac3ed0b82a4de4eed5787a6eef1671b89c239231b069f2232931720f,2012-05-25,Unknown,ONE X,적합
53ebfdf0a27d997791e50ba64654b4a4cc158c6604913e792304e327e6a76865,2012-05-31,Nokia,500 (RM 750),적합
f8ad9b9aeb38a20aa1f7734ce8d378b90873910838df7f6a11fded8f38e01e37,2012-05-31,Nokia,ASHA 200 (RM 761),적합
cd502771d409a7cc4ebed3eb1700687b1f45cd8cb6fba2ebaaf7ee4310432d43,2012-05-31,Nokia,ASHA 302 (RM 813),적합
9e9f07c8a2f21c26a026c792c96282fd3f4a9a5a1828b55c1e86a5de0011a610,2012-05-31,Unknown,TACTILE MESSAGING,적합
b8ac9bbab066caeced28881d4cfdb657758bec2a7148a7dd76d2da434b6771e2,2012-06-03,Unknown,OT-710,적합
6b23018398e7242e6b9a4fdd098a6d4934a7d869b541c813f5bc9d3707d31f39,2012-06-03,Unknown,PEARL 3G,적합
4b9a7ca9b26e0d0fa5ef81c4223fabfc4d1810756b85fd16d97046eccd0e3422,2012-06-27,Unknown,ORANGE AZ210,적합
307e5f975c1d2783932157a19f8956d721d20fd519ffd0d816708bea833b8a2d,2012-06-27,Unknown,OPTIMUS L3 E400,적합
e2b6b3b35c98546b4f404a04c577a7d3ebf56d65318ae8e2af10e68fcdbcdc21,2012-06-27,Samsung,GALAXY SIII (GT-I9300),적합
3dbcb3f3ba8ff123ccab0a74dbabe3ab464e62db6ac301f0a4681f3bba54e453,2012-07-06,Unknown,MOBILE SENIOR INO-SM6380,적합
381f0700ab38c185a98b365fac43ef1f6f1fb4a87b711711aadfc990675767c3,2012-08-03,Unknown,PI 728F TYPE W02,적합
65949b15f0c1af639ac7f18695c430330bb47445f8174db4a47ef1be3e392a1a,2012-08-11,Unknown,DESIRE C,적합
8f2ed9c9f1f626ba2aba2e5404dc84602ebe1a080434a6aefcb0c9fd5c27fb67,2012-08-11,Huawei,ASCEND G300,적합
43e15795e0daae30a4c735c8f199bc9c89b6ebbb823f6e074f05313afbb47e05,2012-09-02,Unknown,OT 665,적합
3f2771eca0cd25acaa0c617d08c06fdf5e33a0804ef6973a9da54e389d97e5cf,2012-09-02,Samsung,GALAXY PRO GT-P7510,적합
328df2fd656d519b6cf1a98513f02374bfbd263fc94f1c9e55576b220da55c53,2012-09-02,Samsung,WAVE 3 S-8600,적합
7b43fdbed50d37847b9f3dbdd0fd2bdd67ed65418a5434c35f899bf3c50f3e61,2012-09-02,Samsung,WAVE 533 GT-55330,적합
94f5e9dbd6a4995b444543ff1466cd0e49173b5d18760f85e67df46eced84af9,2012-09-02,Samsung,GALAXY GIO GT-55660,적합
2fc7479d0462545c8dafb14a4fe3661ae1ce2c5fdcf167c1b26968fb13306a96,2012-09-02,Sony,XPERIA KYNO,적합
4cd3a530d4e6302bd8d5a3aacb0424d0641b3032e59895dc243bc8bba092c8e2,2012-09-10,Unknown,BLACK STAR,적합
f730d81a18ee09e426f7904f5906dab969261c3bd3ba6a3c72e19870e291796a,2012-09-10,Sony,XPERIA U,적합
c38ea68f5f53021b2365096ac18f92603673e0a6be9d11da76d8d2bc3076d3c8,2012-09-11,Unknown,CURVE 9360,적합
715481f41ba97064e633edf3e541a9af34d994e538c0776d4b86b6bae6ef0fc9,2012-09-11,Unknown,CURVE 9320,적합
730be93a8b958ed45ede499a693d6a87beaaeca86f51ad18543b6301f2d211a9,2012-09-25,Unknown,TITAN,적합
bafef3850a65a7e3cec0d870cf01de333c75fb4a1f73f0c9afc414b430835f6f,2012-09-25,Samsung,GALAXY BEAM,적합
a88635e723a93f84306f8b924ef16e124b5eefb26e307a5cf0fa40cbd15b6f65,2012-09-25,Huawei,STARTRAIL 2 (HUAWEI),적합
e170c13c635b8bb8fd4b48ab980c348556639688a77a85dd120a51df385374f2,2012-10-22,Apple,IPHONE 5,적합
8d097a23e73bc27c4ca3311421fc08ceeb87519adbb5594404c09193d1a44f11,2012-10-23,Unknown,OT 720D,적합
1fff85710ed0931f214c4fc3561aa42f23dd6d2c38faa707d705fa0b3bd6f00e,2012-10-23,Unknown,ONYX PEARL,적합
6ee49b98d0e131b50ef83f6cdb1601e13e33014f5205a3aa426575e21f87ba1e,2012-10-23,Nokia,112,적합
0034310149abe4076489d2e260b9cb346243adbb414f5217cc1a6228b24de5c1,2012-10-23,Nokia,101,적합
b169a6ee78424c48a7d72daaed33978753dda6c72b4100a09318a8bd29b9ed38,2012-10-24,Unknown,OT282,적합
3687fb729e85e05273f9d7b75b5f3acb0065b41c64c9ebc55f5cd7ac7024ecfd,2012-10-24,Unknown,OT282,적합
07a3c17719df84685359e04f92c35f78845673d8d274c6178c7513acb56ad703,2012-10-24,Motorola,GLEAM +,적합
bf482e6ff1c597419e0d91da67c798b16279e1f842e0cc116302717d161329ef,2012-10-24,Samsung,GT-E1190,적합
6f975ccd0d13963cfb16d296d015580f1b303b47b372ff21af5fbc19e5d7711c,2012-11-13,Unknown,OT 292,적합
ad7f5aa49b67d59d5b427b2c75207e79215cf5c5c1905b692a7e62cbddacb2f0,2012-11-13,Unknown,EASY PHONE 605,적합
3bee864bbd8b6fc822a4b9182cbd834427c5050bfca01f22ebdbb9b7b0ec6a81,2013-01-22,Unknown,8S,적합
07d28cebe0ba55bc0467034037949b5618f637e414172b695df32766c5302d04,2013-01-22,Unknown,OPTIMUS LG-P760,적합
aa2b56f93464b8b8dd8d2d8341f4b9889593206d398a2bd4bbfb5630031f6d14,2013-01-22,Motorola,RAZR I,적합
1d813562a9f1a7189272c2bdb6504cd64ab570328e5b22078a57cf3c21dd39ef,2013-01-22,Samsung,GALAXY SIII LTE,적합
86184a0260e5b35853b6294b490a97f1c196cbeaf288ee89bfb989a6d770cdef,2013-01-22,Samsung,WAVE Y GT-S5380,적합
b4ab27a34eef528a09a3404562c95297bf36206b568e345bc892b682cf7b81bf,2013-01-22,Samsung,GALAXY SIII MINI GT-I8190,적합
6cb1631cc402e8e394a2124dfb65a34c630dbd51c59e236488071631b8c91604,2013-01-22,Sony,XPERIA S CITIZY LT26i,적합
8aecbe9da5c068ec34e5c9c5b1c6edefca1ac99292b5f0fecb8851047d70cbd7,2013-01-22,Unknown,STARNAUTE II BY SFR,적합
c39b4e3eee7b7e4a40d39d3edf0a9ec128cadb72d503f97e724dddc2e3976bc5,2013-02-14,Unknown,WINDOWS PHONE 8X,적합
4b21b49c2d9eed1abf42ed0d2007014de88d6beee4c931b243ede62f4e8c9e31,2013-02-14,Nokia,LUMIA 920,적합
b756ca8facb9b9da541465a8b823b2a97f349ed0c9b07a4b058e7dc264bdce60,2013-02-14,Samsung,GALAXY NOTE II 4G,적합
6e4cab92f314576a14c5ed16988890bb366a39ac61b0f529a7550e6886ebd405,2013-02-14,Sony,XPERIA TIPO,적합
b819cf1215354328a3420ab559e5c5d5c6be5133a1d4eba7a7a2ec23b744b46a,2013-02-19,Unknown,CLOUDMOBILE S500,적합
a53c0e5ffe6416d331761d72f98a5ad3c707484c98bc5cbaa30dc4eb7f3c1d61,2013-02-19,Unknown,EASY PHONE 612,적합
5408edd70e9e75c1c6b412aa364850f46d5a2a175b671cf127ae0d72778681a5,2013-02-19,Motorola,MOTOSMART,적합
a71e85794ceb41637c3d63d790c53a164749272631f42afdaa465628eadb6f81,2013-02-19,Unknown,CINK SLIM,적합
dd88281e7e8428e3fb966965e2fef2e8a5660c91ee87ea49397870a7e8255a95,2013-02-21,Unknown,LIQUID Z110 DUO,적합
3ce81ea4dfe0af33dc21d67b93cfc48a1e07e3d2558f48fb43f4b58539b56ef7,2013-02-21,Unknown,OT-358 TRIBE,적합
f948d0d5c6715c6e56a701555e22a4c09fbe5106f8751a9645d8bdbac64e323a,2013-02-21,Unknown,OT-506,적합
6dab65bb8cb445da00d7f10b4f960afd9b09e91c997c39b03d75e9238b43d7cd,2013-02-21,Unknown,SMARTPHONE 3.0,적합
32329113a011ea785e3046a2afbaa02e0094762aa0e15f38bfadc6ffb3c94436,2013-02-21,Nokia,ASHA 305,적합
7b844c2ebea92dda56a8fe2d85e69a1ce5262bb63118ec4f2087298e6acb5c79,2013-02-21,Unknown,PROG 95D,적합
b5ecb5ff38c277d6c928ba2400a753d222c3a10131f6e344b78a00512cd9b58f,2013-02-21,Unknown,PROA680,적합
1e09b82f450b8981eef6c815847d23de1ac1f6b45a4a0fe681ed97bfc2a409cd,2013-02-21,Unknown,PROX7WB,적합
d3ff060bb457281ae505b2962785c027e32ea68152790183a88649fa79f8d4c0,2013-02-28,Unknown,LIQUID GALLANT DUO E350,적합
468db51220576069dd3dd4bd8ec1d308b6051e149dbb9ec0abcbbcb21517bd70,2013-02-28,Unknown,Z 110 DUO,적합
9a1212c56b1272ad1c255e25bdafd57f278bb9eec2e8aa505b80561a668362b2,2013-02-28,Unknown,EXPLORER,적합
a061a2973215d7e08f720f3aabad5b1e3bc710a3dd6403d18b4299c0047b5aba,2013-02-28,Unknown,TELL ME F210,적합
77190e48cbd57f6813c93101e9b6b93b4b3006865d0420733ef0471bac8222a1,2013-02-28,Huawei,HONOR U8860,적합
6a1d1263caed6b1602cc089cf9055805447c48dbc292fcd579e1ebad4412f3eb,2013-02-28,Motorola,MOTOLUXE,적합
40defdd841ff2019d0b169e0a6c5d542372579f018c395a5c847bd19da04d46f,2013-02-28,Samsung,GT-C3520,적합
dd3179c78dd501818d6cfb6d82f3c96c982009be73383f632ab76d7a57ad45b3,2013-02-28,Unknown,X-VIEW 2 TH-1129MW,적합
63bb8f4550cdd3cf8902a091fe39f7f73833fca31c496f0d84cde163742a7474,2013-02-28,Unknown,X-LINK 4.0 TH-1127MW,적합
aefbba3c86d19cd1d098762a50983279d8dec625c86e7d258dff60b112b7a6a8,2013-02-28,Unknown,MINZ,적합
94b6725f72bad47cc9b32713f287330d5446f8e564f653339cac6aabe830176b,2013-04-06,Unknown,OT-810,적합
66d8b4badea28155245fc69da18d4296d7f587eeb76f91543758f3db10a49da5,2013-04-06,Unknown,OT-995,적합
024f6fa29b98e66be1382c60e63e5906464f1e73ade6772f7794dccb81574525,2013-04-06,Unknown,OT-217,적합
5ab027883618cd26e44eccbe19f63274a681480b4224233cdcbe1d9010634cdb,2013-04-06,Unknown,EASY 506,적합
0f76db26dc78872d25cddc16d3e878af698da6531d5650cd637c4ae1994154d9,2013-04-06,Unknown,TH 1035M,적합
682ba6d7830a0efddf84ac748dd64fff7b64e9c4070c04cf22794210c0363fa4,2013-04-07,Unknown,ONE XL,적합
dcc4fc566efd4a2fbd7972a4932f99638b50842629b66bb47cb04a5e7dc149d5,2013-04-07,Unknown,OPTIMUS L3 II E435,적합
d53b504b6f8a1aaf993932214b0640f37c50b2b6e30454cf2fe01939a8fab10c,2013-04-07,Samsung,WAVE Y GT-S5380,적합
d8ff1f625bddd66ed67eca5b055df42177e11f9bee6eed1603a1750033dbdb3d,2013-05-03,Unknown,EASY 515,적합
a90b1594f289c763f93b83a84e457e7cf38a04eba0bf92c56a35e9ea1c47b225,2013-05-03,Samsung,WAVE M,적합
967df8b88a746ad47402508ec8523e45b6ac356ef4058e8b597e118e8cd1f240,2013-05-05,Unknown,LIQUID Z2 DUO/Z120,적합
bf46c578a10bc80e3c10223d603b665459e6a8fd50b532fc505cca677defa85f,2013-05-05,Unknown,Q10,적합
97dfd2e729c53f211fcdebdb7c4dfe75335e080a9cba041c95f859a8fae70da4,2013-05-05,Unknown,ONE,적합
e36a66e48a5a65956200ea2efaa77e3fbeef389cace480579663acebc7e034a6,2013-05-22,Unknown,Z 10,적합
3e829be75e949871174db13b3eea6ae3d9c1b1c3b583458c896ff603eeade6f3,2013-05-22,Unknown,OPTIMUS G,적합
df47ca4a41fc702c2c3bb0eab95e8b22473defb01d56a656b4241d1e3f068c8d,2013-05-22,Samsung,S4  GT-I9505,적합
4df9a11a3bcca438b9c7446ad055cce6558caf7d416620d8b297a4c2d8c51305,2013-05-24,Unknown,OT 232,적합
fe4b6a17369d718fb2375b1f006eddea5d9bba5f0459650ad3251cda43d64b29,2013-05-24,Unknown,PRO 881A,적합
9f1260e7bd6679b0fcd0c5f07b2bc54981aa4bce4917d033f8ae395790d9cb88,2013-05-24,Unknown,PRO 1021,적합
6b472d99b27fb1bea9085cd42c654ee8d57bf7174701ec25a34fb12cdae0d5b9,2013-05-24,Unknown,OUTDOOR T180 BARRIER,적합
376bf7413266fea41b0c0a7787ad6a4689e4ed249e24e108e4c416c12badaac0,2013-05-29,Huawei,BS 401 (HUAWEI U8825-1),적합
1e609d16ff1dcecb6bb3f067dcd77b4aef2c56255149eb722f9c70fe4fc6ee22,2013-05-29,Samsung,GALAXY EXPRESS GTI 8730 b,적합
dcf83054d5f3ed2fec73c724befe9e16532532130e384ca801677d700246cddc,2013-05-30,Unknown,STARTRAIL III BY SFR,적합
7b90b57a1197d0803973a60019507a00fb2d6c5fb5d789afaa0eef28abfea620,2013-05-30,Unknown,STARADDICT II PLUS BY SFR,적합
b2c2e4403bc7831362fbb5164710adf8bd4f04d8052b974e344b72886ebda274,2013-05-31,Nokia,LUMIA 520,적합
0ebfb3c89b26d453aa1b8716e7f09e20e74432f576e2706c4ee74ca34d497dcd,2013-05-31,Sony,XPERIA Z,적합
933c484a83ad3db906b29187369e17262cccdbaf1abf01daafc02c8fd0d17f2a,2013-07-02,Unknown,B25,적합
120b4dc4a7227f1145677f1836041cf97bcbb01b0afcf0f442b0fcca66ed82c8,2013-07-02,Unknown,TM 200 COSI,적합
849f4d84d43505b9e5fe0c09681b28174a12999b0641893b75c10437f923caf7,2013-07-02,Unknown,G/R 237M,적합
58d7d3e307008af7b27518ea6e3a10c29459127f4e0a1c3582f6e26da2687ed7,2013-07-29,Unknown,ONE SV,적합
341b3293947191bd26f94b807ca45f9aead60fd7d4cf219c4bd34724164991d5,2013-07-29,Samsung,GALAXY EXPRESS GTI 8730 n,적합
3b9504d87ba4e2baa8c08f8d619b7f27dd1542973fc8e7000d0b00aa1668762b,2013-12-03,Unknown,OT-358,적합
2c32eea8a34b62ce39a1d05f01a7f03e812f1d0746a0785d7ea6a226fbf02faf,2013-12-03,Unknown,123,적합
223b1682e0997c7ba24a3de8876ad5a0dec8b445b00f229c12cbdb127305fd19,2013-12-03,Samsung,GT-E2350B,적합
31b59a64c4d17800c000286e16c463f4f69909ef3b68c68a03bb3daa52b564fa,2013-12-03,Unknown,262,적합
ce25aaf31c8e8615c4d47e2c339b92cc46306204a58a9b486f19da524203775a,2014-02-13,Motorola,MOTO G,적합
462994cff13a91e699a312273250c3d205ee9cfe0a3293720bee63eeaacc0536,2014-02-13,Samsung,Galaxy Mega GT-I9205,적합
847ac5e02eaf87c885fc5914b9cb9fa67cdd6ca43587102e0860f2b71570c0c4,2014-02-19,Unknown,OZZY FUSHIA LS,적합
b5c753bdad01d34f39f960564871e40dccfbb9c2688049578beda8cf6e1a48de,2014-02-19,Unknown,LUBI 2,적합
e240ef3692d2c371429e92cdf6f76cde1a66acd74ec7429b742a645bca7fdea1,2014-02-20,Unknown,ONE TOUCH IDOL S,적합
1fff0dd026b3e3474b819c8112844fb2b4e9301041bbfbc926695cf71055af32,2014-02-20,Unknown,G2,적합
3a62c5f53d1a52a594e5defc89b90f719acebdd0ba2bdc0f4e744ffa291859c8,2014-02-20,Nokia,LUMIA 625,적합
efc9cc40d9aa014429a7b9301460a03754941d5d2184cf1d8bb9ab96e5f6ab62,2014-02-20,Samsung,GALAXY NOTE 3 SM-N9005,적합
2825b7f94e295c15782ced5401765cc3d432559ca22943061377b3f282700d04,2014-02-20,Samsung,GALAXY EXPRESS 2 SM-G3815,적합
bc5c5951b9dbf16513a5ff93a79cab2b239397d364c65306053412c9fb883c16,2014-02-20,Samsung,GALAXY TREND GT-7560,적합
a2ed2cd6ad292556d7e3a2b63d249bb4047d3533e9d3f4551fe03aa6ffa17d12,2014-02-20,Samsung,GALAXY S4 MINI GT-9195,적합
0851f1ba7523414d8511cdd14130711cf113f59fc178aa850348e6ce33f1e5b6,2014-02-27,Unknown,CONNECT 4.7,적합
617e3518e18dbb739f878146a99692c97942a3103a5c8cba4efebb7d95befe90,2014-02-27,Unknown,SMART CONNECT KPSO1-10-CT,적합
bf752037b3a6453b59f4a3c79b89d6db3c4b9c20d4af62320a85fd76fb2745b9,2014-02-27,Sony,XPERIA Z1,적합
f2747963df5a691b6b6a229482a1277a9d7b6959b4bfd5e3bfe9e8068955f909,2014-02-27,Sony,XPERIA Z ULTRA,적합
2be66d95900a4a114f4cb2fa5b2307a7042cc9cf8d3bc7cec9e9464b0e19ae63,2014-03-04,Unknown,SURF SMART X352,적합
677a304a2b229f830919391add01e7ee3b460ebe60ad1bd7c740492445474991,2014-03-04,Unknown,MIAMI,적합
e3ad3a67da600c3e3d0468d3e546fc69f96eb339449c4418ddcf66b26e371818,2014-03-19,Unknown,ULTYM 4,적합
8a9afbc390090287a1128df53e08623016497232659a8e8d61460c8b6532f6fe,2014-03-19,Unknown,OPTIMUS F6,적합
6cda8fee7df172a3e63a75d8e0d8a83b3f6463c428e57dfd068932236d8b79cc,2014-03-20,Nokia,LUMIA 1020,적합
29317d4740d9e8e40e031dd7290aea4986cba4a8db349846abc253ae82b5eb77,2014-03-20,Sony,XPERIA M,적합
4875b0c60f48f577605b927f3fb4b203cc7bfeee0088bd5b920bb11eb3048e60,2014-03-20,Unknown,DARKNIGHT HELL,적합
dd522299cf6deea90dd78141d721cb3d3a4d1d3eea890b044d6fbec4624d6d4d,2014-03-27,Samsung,GALAXY ACE 3 GT-S7275R,적합
ffe2cff5f6873009e5ea9660e7b1b749c193fb490ddc9bfbd11b08aba5450c16,2014-03-27,Samsung,GALAXY CORE PLUS SM-G350,적합
9d145178d16bc7e7075455fdd21c42e3386d4f9c57b77da0bf0e42960de5e4e8,2014-04-09,Unknown,AM X200,적합
b090f99b24e54ccdc246f9fa9f61da05aabe7e6b1ebeb9f46409f905caf75a73,2014-04-15,Unknown,BS-451 AURIGA MOBIWIRE,적합
7b7c0388605f70c91a67a1826dbd3d5da9f2e376e37d75b7b149d6b8e360f3c3,2014-04-15,Unknown,BS-402 BLADE Q MINI,적합
b9fedbf4574db4f2e37d1630c9486d872a41e05aeb5e6e439703faf67efa8673,2014-04-15,Unknown,T580,적합
02020b0c7a1854276ed1f0fff4e4d0b7c8ec61aefab7707e56c022eb8e680fcd,2014-04-15,Unknown,Q.4812,적합
a5439f1441c7278ee040b57e9bb8d2115993c0607e63030af6f258d355d4af4d,2014-04-16,Unknown,W 757,적합
38863d0c77d3003cc9103f4a9930ccd0dd05491bd8edab0f5b9faa50503cf0af,2014-05-13,Unknown,SMART 5 (Carrefour CMB501),적합
f557077a54d44a86bb96afb89b4ed1818abaa6cb8e98606111bc98802fdc1b58,2014-05-13,Samsung,GT-E1270,적합
cbf36f01159ca8e9ea642c1ceb7ce618875210be3b7549d33a6e6ffd3a75d91a,2014-05-13,Samsung,GALAXY S 5 SM-G900 F,적합
58ae0e5fde8411e3199805df7a99e24259b82e1ccd0dd1b54bca63babf205282,2014-05-22,Unknown,OPTIMUS L4 II E440,적합
ba528bd7fbce2d4f4d983ed857041750ed196428ddb2df64df275c0886b0fc32,2014-07-07,Unknown,WAX,적합
117bc1575b2863200978b40782749bf3ffc03b1fd7d2b83f5b450f834b40d201,2014-07-07,Unknown,RAINBOW,적합
4ad9ef55036a2885f103aad95f11ef64ae8b4ba70a552ccabac69147991f8da4,2014-07-15,Unknown,ULTYM 5 G535-L11,적합
aff05d0f6d37eaa20c566c221251c4d106a7f1c722c0c9ce5edce1eb381d692c,2014-07-15,Nokia,LUMIA 635 RM-974,적합
40bcf829477a916924e4deb118e598084cca92ee848f2ca98589e021b3ef988c,2014-08-04,Unknown,RACE MAX Q X530,적합
6b5f1de6a7785de8cd271e22440ee93371c2549b0d4a94defae8e1e0f006e535,2014-08-10,Unknown,LIBERTO 810,적합
ec90fe1c394ebc45aa9f2e830b3c73815187c32b5baa020efa2c7e50c85d052c,2014-08-10,Sony,XPERIA T3,적합
20777e2014617c9907ed5742540af88ffb1252ac4dfc9df8b0f233b4e3b17c1e,2014-08-27,Unknown,TROOPER X5.0,적합
a9413457968ba5143fe6c13502f7e9095a9716de2a9e795c32b02e53d0c7955d,2014-08-27,Unknown,ANDY AZ4.5,적합
4bc692e3d706c5b14921d03c1b1faba3e22dbc93aede03fa07f1e92178f62f02,2014-09-04,Unknown,CONNECT 5.3,적합
068f0aeeacd6e74760d57985710b478b45703481fd08f163687fe5a8b62093a7,2014-09-15,Unknown,ONE TOUCH IDOL 2 MINIS S,적합
675867c572e56b0525fc7e471478e0a166ba46472a77b2905e987ac156812bb4,2014-09-15,Huawei,ASCEND P7,적합
fc8ee0477b2f42f7db1e7a026aeebc0ea8ce0bd828c6e83d253fc3fc7afb635e,2014-09-16,Unknown,ONE TOUCH 5050X POP S3,적합
d0b7f0facda51f089c80d3b99ca667ed7ff30a83682a251923555629acfab6a3,2014-09-16,Unknown,45 HELIUM 4G,적합
9d3ab502a91f1fc5e1802fcaab4509b83c2b1bb1bb9707d087f6fc52227457b1,2014-09-23,Unknown,MINI,적합
e464ab30e638ecf628e08e7410e32f5dc5ea79b15ad1e197a1d62f27e7e11cb4,2014-09-24,Unknown,STARXTREM 2 (ALCATEL 705 OY),적합
fa6967f22da5042686da96f11ce7362959b824e9e9e51d1bd4854a25599f14a5,2014-10-16,Unknown,GOA,적합
3a1d695246b28ab2dc3dc03619fd0133fa1d85d2bc2a1a7810c35c15affb597f,2014-11-02,Nokia,LUMIA 1320,적합
1c708e5c09a347b078a5d86c28fab7874472fbe65ee4602201f2950be75b62ad,2014-11-02,Apple,IPHONE 5C,적합
ab4941df62904035bad9768ee786fc2a98d6443e708d407adb7344355048bb0a,2014-11-07,Unknown,IGGY,적합
755612a1b2d4d00871eead5dde3727d2819f08b499f39f85c25108b067957fb4,2014-11-07,Unknown,DARKMOON,적합
7c4d488a7737a43332972aede739e03be7454a2ce31142c91003854af5407751,2014-11-13,Unknown,V33I,적합
392c3178d8b7c80a2a669d6855fea14c78a5aeed86ebe6d79084f95b201deb28,2014-11-13,Huawei,ASCEND G525,적합
fcddd70a68bcaea1f17833c244242f93053d4d76fff446bd609f863fde9073fa,2014-11-13,Unknown,Ice-Fun PI001,적합
9a3392d2d1cf2c85eeb6a86c392499de9d79d4868f8721f47b52881d37338d73,2014-11-13,Nokia,LUMIA 930,적합
6839597596485c1c5e50576e3bba4f1c6d59acfc553a56e67d1f27388896d152,2014-11-13,Sony,XPERIA E3 D2203,적합
0498e199b1840d601e2ed4fd59eb026ed06e30a4c614918f45b84de2fa653e79,2014-11-14,Nokia,LUMIA 735 4G NOIR (RM-1038),적합
797e0bdb7adbb6f9320ed8f92681a8ea8e03c05267e5310601028a1a8edbde67,2014-11-14,Samsung,GALAXY ALPHA OR (SM-G850 F),적합
32b04f8b39e2169371d1168c36d9075bbc8453f045375bf1042f7c8fe90878eb,2014-11-14,Apple,IPHONE 6 16GO OR,적합
94f0054f0baf935887d753527e373f8fed1e5b063349eb3ada519e1018190329,2014-11-21,Apple,IPHONE 6 PLUS  A1524,적합
49a00d05193a883ac5c4c7a4964d5cb492c081d8c34935e8a5b407674979b2df,2014-12-02,Unknown,40 Titanium,적합
083472666f6f369a28ded8b35bc774a74b9f633114cce12ad5b28204abc934ba,2014-12-02,Unknown,HS-U912,적합
2b1e52aba8b8a5f1f576e45a83f050afea51334645db6b9c2466800e1e35b8b9,2014-12-02,Unknown,E500,적합
f5080565559ff6e17ac475c6d7e1efe369564ddd5c30abb1ba194a0c4ff96909,2014-12-02,Samsung,Galaxy Fame Lite GT-S5790N,적합
460219c8f105f667955811ae6f2ed4fcfe3ba138c5c35d0588f07fbf85842763,2015-01-06,Unknown,W627,적합
932604e7283caf247f1a17fe3bd750c7826f9c1ae9a728b01305f456b5d4d069,2015-01-07,Samsung,GALAXY S6 EDGE,적합
0f8664cc71333411882e5798e2befef11ee3dd30d5e58bdb3d76c1488594e0d0,2015-01-10,Unknown,DESIRE 620,적합
28e4487710e2c647da62d54cf9a642a3c87af0fef017b32e6c7f457d75fb3d1f,2015-01-10,Unknown,E SMART  LG-H410,적합
8c54c158e6e3023a9615579a180316c28f44cd5a2fa814d64a9341af97e5f4ed,2015-01-10,Unknown,NURA,적합
ecc51717807a7423ebc44868951c437e3df7bf3678bd0d848ada988e5be648d3,2015-03-03,Unknown,CONNECT 501,적합
ad9d5c7a10de596f8f6cf93e7f1ad01e4825dd963018012175d6a0ca261a8627,2015-03-03,Unknown,SP50,적합
5b87c0dd26d0643241860e3d8d8306b8e2dc279cf37769136fb90626271c96e5,2015-03-03,Unknown,BIRDY,적합
d872840b23a38965e80c0365f440dc0d7eff75a261430af9406615dca7ec343a,2015-03-17,Huawei,G620S,적합
7f1a0d3f030f80ecc9d43d7161c014170a9ff9eca824d4117f48281c807a56fa,2015-03-17,Unknown,L-ELEMENT 400,적합
ff1b1803c83c447ab7f89432c6bd4c7a65efabc6d8306016804a8e121668fdec,2015-03-17,Unknown,KITE,적합
8b62290e49a05fa01847726a85d23be32b1f7ddf4b641a29138d830f9ee6ee81,2015-03-17,Unknown,RIFF,적합
24410e79bd3fc1441ca96b5e465b7ec148dc4be874b504ffe0df6c46249c2b7b,2015-03-18,Unknown,ONE M8,적합
0321b27c2af0d8e5727ece02ee8d92d232aa2062fec37f4b9ca915dd48fb2d66,2015-03-18,Unknown,G FLEX 2,적합
8f470d8f1be8c04d02aad6b47998f1c5b7f9f6a47eb24e1978bf01a998cbe8b7,2015-03-18,Samsung,GALAXY S 5,적합
b58bb8c89006d6f38b80b00c665faa18e89cc7d4e10c0a8dc5d1358653b58d5e,2015-04-02,Nokia,LUMIA 530,적합
0fbf2e3faae2e57f957e33fa6d343a9a7ea59882dd68b3292670693821caadb8,2015-04-02,Samsung,GALAXY ACE 4,적합
aeaaa4f7ab8ac20df75c5b6d99c720d964929ff2a5f91cd9508fb06b8c6fb0c0,2015-04-02,Sony,XPERIA Z3,적합
aa07bf7ec0c3f5775d875494299a5e11f602ff446b11b7a8baa23184a6a426b7,2015-04-06,Unknown,TRENDY,적합
e520e646bb9e500cd2cc4076971653267a98783a5c5171427be998e34aed90b2,2015-04-06,Unknown,S450,적합
e88a836eef5e2e8537cb40fc3f07f75ff3d32fdd7f90aa0760b80c57a53e0697,2015-04-14,Unknown,ONE TOUCH 1009X,적합
114bc9aa1abff0543b7ee9bdd605e53f0ea71c5b0a048a8a4d171ebefbb96979,2015-04-14,Unknown,SHARK V2,적합
6097bc751eee4a0c1ad109d687b6f35642fc0dbb050cef6bdd324ecd2833f402,2015-04-14,Unknown,LIFE B2,적합
4e85a68cf21058e03fa70e4ae096a67b7ea47400558ced428ff6c4bda9401760,2015-04-14,Unknown,TROOPER 2 4.5,적합
e9d8cf29e8d984a79cf35f6c433f0a49fdb833422e267242d905fbb42fcbfd35,2015-04-14,Motorola,MOTO E XT1022,적합
f6f32fa2e9b95475e95ce4d9bb5b465a73d8e37cab4ad27fd32a19f68edf6ceb,2015-04-14,Unknown,ST150,적합
81b94c2619f8f166aaa92387843733d6bf59078e066f468a7c2a48ed28318084,2015-04-14,Unknown,SEREA 50,적합
4f9a19c86d5bade562b14245f2314d5e019c71f9977c754d24014d1212ae82f4,2015-04-21,Unknown,L BELLO D331,적합
8f2a471dbee1e792e374c9fe6569d6509011c29085dc1901d8a6390b8be26b83,2015-04-21,Samsung,GALAXY GRAND PRIME SM-G530FZ,적합
eaaa48f3b88c9ae1ab71955fb0d251e42e5855ce5524f8675a01d39b0c25d083,2015-04-21,Samsung,GALAXY GRAND PLUS GT-190601,적합
02a59bf596279d5a77a3b90d4665deb7dc5901dd1f2ca090cd8694b165f594e1,2015-04-21,Samsung,GALAXY A5 SM-A500 FU,적합
1b89a1bdf635f276b90122406a0b2616bed9789fc854a7c876b17025c2ef3bcb,2015-04-21,Samsung,GALAXY TREND LITE GT-S7390G,적합
cea322046171059c2cca112c7fe11dcd7d8db86deac8b5644afac21873427355,2015-04-29,Unknown,B100,적합
e665758956017ec237ebe1b47280f8a3f6c860afa69331bdc9fe3b1cf275c6ab,2015-04-29,Unknown,MX4 PRO M462,적합
0b9a553208c3b9a20c47714053cb47b00fd02fca68d8fb87167ad1f5bfad1e95,2015-04-29,Unknown,YOTAPHONE2 YD201,적합
8d9c9612aa474dc5e32d2260b412b202d2e6d547c0797b50e832e30bab6a88c4,2015-04-29,Unknown,ZP530,적합
c6c0d438e05a5963ba4b041e2021e4a6ee576c8df4705fe81071f9d62f918ed9,2015-05-18,Nokia,LUMIA 830 - RM-984,적합
303497a472924f1b4019e9f176607ad3462b52b08797ab3591649982eea00fc7,2015-05-18,Samsung,GALAXY A3 - SM-A300FU,적합
f96b4497d93b2e386e708b10801aba0353952f2773e7075f6a40dde9513ff17b,2015-05-19,Unknown,ONE TOUCH 20.12G,적합
bd34b88f26690083840c4b6e22e5b314448bf1b3caf02068f85b72a4a2606a21,2015-05-19,Unknown,STRATRAIL 6 PLUS,적합
d3577a6556c604eab11091c54ae9671075732efb73bc29fa5a74fc2ee4d6354b,2015-05-19,Unknown,ONE M9 - OPJA100,적합
b88b8885bb4c4a5338b319586e9500ee4fd3f43f9d575b0a7f0dfa4159f8276a,2015-05-19,Unknown,LUMIA 640 - RM-1072,적합
825df1e62bfa781f1d412cc67796ac13f45212712697f6d5fe9b86f8fccd6c84,2015-05-31,Unknown,SEREA 60,적합
582e4c368f0ea4a36e2dd14dd9e754217ebc42c896a10bb288cb01f2a4e5c90d,2015-06-07,Huawei,ASCEND G 620 S,적합
49965009161ce30b923e2b0916cad866e2c18bd1c1699eaeba12c93e990a7541,2015-06-07,Huawei,P8,적합
6be8624f6d0265ba04a8c124479eb872f062f261019799dc413f97028696d90b,2015-06-17,Honor,6 PLUS PE-TL 10,적합
c74562c753caa752248fa9053b9a37f7f27963329a4f207fb938a13716a97bf5,2015-06-17,Huawei,Honor 4X Che2-L11,적합
3e9ed733c4472a0b042852945810d06086125dcbc9e90a66da36275356dee3dd,2015-06-17,Unknown,G3 S,적합
7da71ce1591b44fa5a51faffbfd5bd16c83371ab2ed3ee824c9ed7e11f7fd6c0,2015-06-17,Unknown,G4 (H815),적합
fec6a554d0987964f736692831b4a0d73794193e8b22b16c9d76888a6aa6a114,2015-07-10,Unknown,P10,적합
bf87d87649df952adde3cef8148f4e499771ad4715dc11adfd1bf6f5db4244e1,2015-07-10,Unknown,W200C,적합
f7be3ade8e9bf93f2d3ba730dafd53c3169c04ed77b6b8b6eea40c56129fab94,2015-07-22,Unknown,50B NEON,적합
8a30ba9b38df276d9c7af5ae69ecfb0026599607e1a8eb0f0f0940d7d908e7d8,2015-07-22,Unknown,50B OXYGEN,적합
768ab63d9e1e4f755255dc7f94bf766c204db1a8a15e0d8ccc9d96ef7d0a37d1,2015-07-24,Unknown,LEON TITANE,적합
360aea8d482a8705c456d6b42492aeec3a41099d585f70238e1659c8e9ef8df1,2015-08-07,Unknown,P5004 (MD 98831),적합
0ff6026590727824eaff73a3a88d6acc908670d585b7c6fe1e0f9d1426409217,2015-08-21,Unknown,PIXI 3,적합
ea1c3a1cbce902b12c12c438ec76b6af71085d4ab660de047948254f00d8e5e8,2015-08-21,Sony,XPERIA E4G,적합
2d62ef7d263b5dc25a8306700d00415e7fdc987caa116b4e3ab185e1106979f3,2015-08-27,Unknown,Q4868,적합
8ca828d746d46fd2db3b823cfa68a8f5053e93ad7f496239528aa58abd1539f0,2015-08-27,Unknown,HIGHWAY PURE,적합
a3ba7ce7516d016c6b2ad5fcd013c494d1951ef3029eb9c19ece008cad5c5c89,2015-09-03,Unknown,Minu P123,적합
5c675795accc8192274ba5eaf88e860aa629c4474a7b69a7edcdd630cce96a1e,2015-09-07,Huawei,LITE P8,적합
c971790e7f74e9541033633b6c2451699bab7e8d7c689fa275f3931e3b2ed5ca,2015-10-04,Unknown,RIDGE,적합
6c1810baa16693cc7909e5d1e25d81454a21e1ef5a366e739932deb2478d94b3,2015-10-04,Unknown,HIGHWAY SIGNS,적합
decb07487520515f532e3ab7f77c8697c96cffee1a36bd159793edf1396b2826,2015-10-14,Unknown,G4 STYLUS (H635),적합
b840d40d8f9f31f27ba3acafdd425122b135a89c140bd0e5a625c1fcfa34269c,2015-10-14,Samsung,GALAXY S6 SM-G920F,적합
375d0f5f5f07dbdad9537e691ad51a6ea3d25d78dfa0b0ad755a756bf323aae2,2015-10-14,Unknown,TM600 CRUSOE,적합
37d35281ae4bcb1345aa7a7a094e4cbf4a40ede341eb6b741a892572ae12ef2c,2015-11-03,Unknown,E-ZY SMARTPHONE A6,적합
7e0f78449afad4ac9a03435384685866af100c208254c653fb22f740e57882a3,2015-11-03,Unknown,CRYSTAL PRO 4544,적합
020845653b8790f41adc8b1ac78f280cfabc91bc7b49077904f6056e73bf8e09,2015-11-06,Unknown,S 168,적합
ca1cc9859b672389315c934432faf1d4c3cba2c1c5215e31e1ea39845e3d8c84,2015-11-06,Unknown,DG 300,적합
6a5d5be7a02f903f4dcabbb0dfe951860267cd507ef92c318593754c47620abb,2015-11-06,Unknown,L550,적합
c1f90a6e98aecd6a8ab64047ab08032d3474576ef4093432baaba95b7e4a23db,2016-01-08,Honor,7 PREMIUM OR,적합
48ea1e408b9abaa05419accff71be6415bd267e932a153f57df23efa26fdf23f,2016-01-08,Honor,X5,적합
c72586924f0dba4a7a64eba84033c9927e70d64553d47ca44a3bd89cf9be0d6b,2016-01-26,Unknown,E50L,적합
b839a7ee6522f58b630e29d5ec7de0901844d5f6e1640412514b003e0f2af2a8,2016-01-26,Unknown,SONIC 3.5S (SM35SH083),적합
eb3424c2419330ab968519f9679cf4493905776ff1bdaba117af12e17b7bc156,2016-01-26,Unknown,PHANTOM 5 (PRO 5023 PVE03 541),적합
04f69152365f9973b03b1a1aff10f1e5a7f3ab29ede536cb485cf7d18d34519d,2016-01-26,Unknown,ANDY 4.5 EL LTE (AM45EL137),적합
15690c6b85f6c07164490687a05d1d86e9ed6cb005a54388c24996701f9da858,2016-01-28,Unknown,SENIOR MOBILE PHONE O101P,적합
3a6f8b582cf730452a4d25c85b1df71cbecf359d6158b574af1e7f3b620cafcd,2016-01-29,Unknown,KONNECT 455,적합
8364efb75b48c67fb3457740d767c5d745f549c8e2b3f29729799e13f587f7ff,2016-01-29,Unknown,55 PLATINUM,적합
7581546f0e56b9d0a4997bbc7dd8e59a06c8a882911086f0bf07579940178334,2016-02-23,Unknown,TABLET PHONE MFS100FR,적합
688eb3080caf65fed71a8800d63a14f4f6c6041cab40a2d91912a3fca55e94f6,2016-02-23,Unknown,LUBI 4,적합
4fbec6f4372b4e2a78b3741b51768daa45e52437784c5e39dc1531b77fdca533,2016-02-23,Unknown,SUNSET 2,적합
afc501ac853e92b223592b781741c557607744f1db22ad66a51db355db5b4119,2016-02-24,Unknown,LUMIA 950,적합
5f2be2a0eb46d923530b983502da4adcc469d816849fbcdac0ecedc602d6d642,2016-02-24,Unknown,X1,적합
f7ba1f7e332458456eb2dbb37c576749849ec140dd2f78678dcec135fb66b051,2016-02-24,Unknown,K1,적합
e41366659fed493dc9798745d05ba38b833404aff7037698b04cfc361d46e6a8,2016-02-25,Unknown,LIQUID Z630,적합
af49541778f49bfda0e2353b4c470208d232bef4257349af604985a8d6a213c5,2016-02-25,Unknown,AQUARIS X5,적합
1a272687d375a476dd426667b96d5d91921ec691dd6e21054bf47eca664f3e2b,2016-03-02,Unknown,ITW 4.0 M4029Q,적합
d92047e843db771eb5e60acd8e282d962252b8e34c614e8d8b60e02745886b58,2016-03-02,Unknown,LUMIA N550 (RM-1127),적합
b2e55f90f0076aa5378b0f28bf513512daee447413d7b89617380c066cf5e129,2016-03-02,Nokia,130 DS (RM-1035),적합
486f34a62660394fb4ae88bc4a2ce6fb34707c8515c2f632d27e8c061d9b7c5d,2016-03-03,Unknown,SPIDER X1,적합
6038f386f1867964a9d2ff25e714e2a3ed50e4b4ce018326ef750fb388558310,2016-03-03,Unknown,LIFE B1,적합
12bae06fdfdf5dd503148831d3a6080ad821dae02faea71d6f42f3634aa82a00,2016-04-05,Apple,iPhone 6S,적합
bf25c21327b80686c21c1704dee5329e5e296fa0461bbf1a1796e1b4e2c4ddb7,2016-04-14,Samsung,GALAXY S7 EDGE SM-G935F,적합
a2c8ce6466d78c412964b490a2ae2bdf4e8e282d9326ae0e30b5a33881ec55eb,2016-04-20,Unknown,ENERGY 200,적합
1a003af340eb6cdab17d1ae5aa244d9d0217321ffa4f1a3f23b21e317cd6d154,2016-04-20,Unknown,Q6 (M5088),적합
99b05e795e0715be3a6be51aeab374a8afc66810bc109b2741e2b31c85a7d40c,2016-04-20,Unknown,SMARTPHONE 5'' M5032-1,적합
e48bc3ccce8584154bb95add6bed58be695724b2b48ae19f294b7cdc4a04734f,2016-05-07,Unknown,TORQUE,적합
0010dfb267e034303d8dea5c04fbd1e03f84b17330b05ff70c8e2607a9e8aeb4,2016-05-07,Unknown,Smart max 4G,적합
1c0eb02483162e2b0ebd3b96009d1cfc3a9c1597a95e61fd06b1863dfc9e9dac,2016-05-10,Apple,iPhone 7  (A1778),적합
6c5a586e93f012e919b3c390e45273641c231ee9daa122e896dd92fd8bd7ab00,2016-05-18,Unknown,L-ITE 552,적합
5fffe54226feca49ecf34fcab39626d63d44487041f2550376e40761050c2e3a,2016-05-18,Xiaomi,REDMI 2 MODEL 2014817,적합
15aaef7582e1285b971b660d3c5dabc8d9ba974cf186344bd46d4199ad2ff20d,2016-05-24,Unknown,L52,적합
c28696c33d6fd67f20ad5b5737a96d88079fcaff7705b9e3cfe3d76c56b07237,2016-06-17,Unknown,CLAP,적합
d768e6452b33c994e5fe877518afd8848424291aa38a251a7d6b647a0917c409,2016-06-17,Unknown,FIRST,적합
dbfec2ee423b331275cf03f300a4e9c4bdac308a80cf91a157e6847a555ff9e4,2016-06-17,Unknown,SHOCK,적합
29b74a065caab91b8c06df3e52b2882704987a96d8e1b4bc3f8ec734aec150bf,2016-06-24,Unknown,X-PERT GEOFFREY 366596,적합
fc797517c86a307b91354d5deee7978197a3a6efefb758e9816fa4e1ce397190,2016-07-20,Samsung,GALAXY CORE PRIME  (SM-G361F),적합
2fc06f658b26034691f2048169efe151ba4e8f7a3cb7d44aba0b12464b3c88fa,2016-07-20,Samsung,GALAXY J3 6  (SM-J320FN),적합
ff3beacca1394f890d1ff236324e74f5274d078ee0e3c553d0f02c70425c52f2,2016-08-19,Unknown,DOVEO 2.4 REF HY-PROCL5B-001,적합
1dfc074829c13b496d659532ea71360786de37391842e786817a2112c05e6c0e,2016-08-19,Unknown,FLIP BASIC F220i REF HP01183,적합
3e90ae9ba1aa0907bec8717b4e919fee5b5b52cbe286aa4aa2ab6fa445b54358,2016-08-24,Unknown,SEREA 62 WHT,적합
a34f2c42d18990eda0da76dd46a45b3e0267bbfdc929c8b171130490520fa52c,2016-08-24,Unknown,NOTE,적합
7b204377462e06d726c9f9d06644e5d0c79f0dbec5555add6e96b565e17a083c,2016-08-31,Unknown,G31s,적합
e559535cc3e14db9315cf016096c8e3d96ff6af0d1ea9be6d73f24ba40827249,2016-08-31,Huawei,P9 (EVA-L09),적합
d10b88a602d154fc2e1f9cf0e6c2a07f6ee058c2fdddd0853381abf5067a4a27,2016-08-31,Huawei,Y5 II CUN-L21,적합
7d5937540f487cccf2ca1898b1d5e6deecd5c2a1c2715db0c1ba054724cb9613,2016-08-31,Unknown,L-EMENT 501,적합
966d16df8c333de508c0e951f69a0fc12fb6e6fa5ba15a0fdb68660d13221ede,2016-08-31,Unknown,LEYTI,적합
d46f2373b9dd0727203dc12ea04041f1f9a3f053353c62f22a33a03c1903f60f,2016-08-31,Sony,XPERIA E5 F3311 PM-0960-BV,적합
76571260eda923922812bc1340977354b95a7bd58e9028feda6ed9ce6224a98e,2016-08-31,Unknown,ANDY 4EL2LTE AM4E2L137,적합
9dc716833148a00dedde7094d112a803f7276d259dc1e8aa84c8947e16c5bcd8,2016-08-31,Unknown,F35 TOUCH MODEL ACF35TCH,적합
0d06acf3cdaef7801e3eb8fa5785c1208db6c9ac2ae23a1394736b27c43c5cce,2016-09-02,Unknown,LIQUID Z330,적합
e6bfb111bfa02a8732f2d47fd0ce61d36006cb4c5c09c920cc0e35a9fafb2633,2016-09-02,Unknown,M2 NOTE,적합
9b9745f6741537313cab7b1c5cf8a254c715d2122212a4bef65f0ac495ce5700,2016-09-02,Unknown,FEVER,적합
3d210c2b7974c36788406db7a14b5f68ada72766fcab3238a662ba1383e6fc36,2016-09-06,Apple,iPhone SE,적합
1ece730f43473f2aaedb45342510b2f2a7313900a1bcfd7de0f21382c89ba433,2016-09-19,Unknown,G FLEX 2  LG-H955,적합
bbe0b3c9c9e7b5b96aa157f93ac571f10d0e6a0de1e5f87b9a1f76634b56c834,2016-09-27,Sony,Z5 Dual (E6633) PM-0907-BV,적합
19d128b7473c7ffad3e6861d91bd71d874162637718b5bddf292283dd219e25f,2016-09-27,Unknown,G5 (H850),적합
fee5b7d4ce98ad77543fc432bfd80ad182babf237891d9ea4eb958a8c8a0c812,2016-09-28,Unknown,LUMIA 650 (RM-1152),적합
9befe9c85b1ac55921f718c053a0a1663f8dbb32d554fe89f16877e83a8787c2,2016-09-28,Sony,XPERIA X  (F5121) PM-930-BV,적합
43bbf3e687e8c92fa8c74c4ad4eba0034873056d1c709561175ba31fd3d7532d,2016-10-05,Huawei,Y3,적합
c55ecb793e583ed02e4dd562bc311727ed96a5a6a739055b8b4b128923868b06,2016-10-05,Unknown,BLISS X180,적합
ece277f2e70bfa4f931ae72a5e82392abd0e0a0690c3ebacc27bcf4ddf7e67d9,2016-10-05,Samsung,GALAXY J5 SM-J500 FN,적합
56b7a7ed128e09ae0f47db6ad63b1e4df6fa4967b139e8ce28b037636d4158b9,2016-10-05,Unknown,RIFF2,적합
57f8fdc128c93e9ef11f39a6af84b123bd78b434e8526fcece4d34d635ac7552,2016-10-18,Samsung,GALAXY A5 (SM-A510F),적합
485275206536a7b9b3d55dc9c88323a1eec50caa19aee8d7ae318a65f1b2f313,2016-10-18,Sony,XPERIA XA (F3112),적합
d205eb071c6b5989ad9a0343dca796731e6bbccfe4647ba7014a99f8e19e5b39,2016-10-18,Samsung,GALAXY J7 (SM-J710FN),적합
08cb901210cf9efc63b2a92a483440b11f908bea7252ca6fc0c0b58702fec0aa,2016-11-02,Huawei,DIVE 70 (HUAWEI SCL-L01),적합
55ca63931252e62e92180afc86b2547527aecaefa01f6c71b1dd3497e69a5339,2016-11-02,Unknown,DIVE 30 (ZTE BLADE A410),적합
8a2d8bb132130ecb9ce6075d8c81db2c38d0d9540b5fa24fe4926e755e9df171,2016-11-08,Unknown,NEVA 80 (ZTE BLADE V770),적합
5658cefe580c73227e5dd6013963003d445494b09cbf48c7c274a250e8f63773,2016-11-08,Unknown,K4  K120E,적합
16488889167a3a06743520b67d6d4048579a01e6426ecdcb140d74f8d3713644,2017-01-03,Unknown,HAPI 50,적합
630d23b98fecd7c77eabc69750ee115d55258ff67a220a636d26b2c75f320489,2017-01-03,Samsung,GALAXY A3 2017  (SM-A320FL),적합
f18bc4faf33df0e0839d8c6f6ad475a26e75a2cea20d9c5263549397a927cc5d,2017-01-26,Unknown,M270D MAPA,적합
29b71e51f630aa76296b3f658d70bc9720c6a7c5239d80c560007880fe9ed0b3,2017-01-26,Unknown,S51HD,적합
150fa0b0ac15d08b5c0cc01784c02bb0ae12cff7a903cedba0158aca3a55f450,2017-02-14,Unknown,robby,적합
d5e4586d6272139c43197651c2fbc2076e2a7819a598f753f726c6c51d95a866,2017-02-14,Huawei,Y6II (CAM-L21),적합
fb854666feaf7e5f04a43872a6deddf69a3eb9aa181c64e8b1ce95e621998237,2017-02-14,Unknown,AXON 7 mini (B2017G),적합
1ba7948cc9bfac9fc7ff50ce9de1e10ed93c41878d1a5df5cf99c45cea0cfaa2,2017-02-21,Sony,XPERIA XA ULTRA  (PM-0951-BV),적합
8ed0714070bc2e80c009ae352d6c73630958233ab88cb7fe4c942dc167cf54cd,2017-02-21,Unknown,SHINE LITE  (5080X-3DALWE7),적합
0a8e716dbb611c3f3a53d4a144c2ffdfc9e4cd4265cb4f447555a1ec81a44c06,2017-02-21,Unknown,55 COBALT PLUS  (AC55COP),적합
d2490727144aa916c0a886e441fe62b9f1487aaf6e1a976b1fb33ec096ee7f9c,2017-02-21,Unknown,CLAP2,적합
bcf3dda7be873117761d582ffdabf0ddcde5750d87ced0b4f6c5c6b84a67d8ab,2017-02-21,Huawei,MATE 9,적합
f9b22480c06ef1ae15b2ffe0855bf0d425c3702b9369c65ac1d6ff765e2c5aff,2017-02-21,Unknown,STYLUS 2  (K520),적합
f9b52c9c6faf883f6d9f4d244cadc78827d96726af688b02be2e24658f76ecba,2017-02-21,Samsung,GALAXY A5 2017  (SM-A520F),적합
38797445eab29b25c53863631837d20356ea7bbf4cba996b1a09ca171dec163e,2017-02-21,Unknown,SUNNY,적합
5d6c1b46f5ffb21d648785ec72a66fab04e599df0ad6ccc7ebbbbbd0ca142214,2017-02-21,Unknown,FREDDY,적합
c441173db37c2c7fd857fcd0a73cdb5d1e60cc8dc7ec6b1bdfd9374437139908,2017-03-05,Unknown,6030,적합
e3d576e0e2136821bad9f708d8e661a73f26a2da81af2bc6e2270f6c901bebb0,2017-03-05,Unknown,RISE 31,적합
be91071e02d83c4f2134eef30566ef9dd65f5f0f6dee256760cd0f3a91ac77b4,2017-03-05,Unknown,PIXI 4-5'',적합
0ed853129941d80a8b0f261c0dd5bed8284f6fde95c5a450d36d592c25bd62fb,2017-03-05,Unknown,PIXI 4-4'',적합
dc88b146c1f9d65af5885247a6498ec555d31d0d7c2c51209c3ebec95248aa27,2017-03-05,Unknown,6530  (DFC-0030),적합
9baedb443bad49e2fc719d5ba9510c1d1396c960c0500a10bd980f8fff2431e8,2017-03-05,Huawei,NOVA (CAN-L11),적합
8c75e92ab5c2dd63a5c87a83fb675633efc13a0ade0ba3893e58e298c61936d4,2017-03-05,Unknown,A PLUS  (A1010a20),적합
c31cadeb41f6158ca3c3c6f6b4bce9d6e5e0ff1f4db29d4899cf54366b824867,2017-03-05,Samsung,S8  (SM-G950F),적합
679495e451b5d2a51137eb629bd385044a8945e1de15d07b29916163475609f8,2017-03-14,Unknown,ODYSSEY S1 0951.BO-NN040,적합
aca784d4069df2d5e4610b71159cb0d9f92a9ea8c5bfac04e3b274ab1826501c,2017-03-14,Unknown,C1,적합
10614a9c3554756112a19aeaa89300b28c0d7c1860c042782065cf23f2dcd510,2017-03-14,Unknown,PIXI 4 - 6''  (9001D),부적합
353bcb77f8dc306d6057fea671354155a64e35a6bca3d9cb8d208561fc29c19e,2017-03-14,Unknown,PIXI 4 - 6''  (9001D) (MAJ),적합
5d4999d073e32f35be23cdf31f8512e9c605323a9d23d8e6d36f061d4a68df07,2017-03-16,Unknown,TREKKER-M1,적합
0ce18429a6b351a0a027f95a628d189ac8f956e4ece6d62ac2b01a23145f87a9,2017-03-16,Unknown,WOOZE i5.5,적합
70ae49df75f3f18b5a6aa50dd46d40d8a30df8a63f21d6d05e7fc4c8fd57c2a6,2017-03-16,Unknown,K5  (A602),적합
ab242074976df39d7b64bf9c7fd65a43db895d942f36e47e7763f24fc5c5674c,2017-03-21,Unknown,F7,적합
9125d225e112ab59aec84559a2b8ab5f3f494aafa8311e7567d4f4e5e159c62f,2017-03-21,Unknown,PHAB 2 PRO  ( PB2-690M),적합
b3639ded9f62be230252c775b3fdfce63d737080074f535dd140fa084f94079a,2017-03-21,Unknown,M12,적합
99315e1748a54b8a86cf1197efab6a3d5135854c6f4e9250751811179d51f8d7,2017-03-21,Unknown,LONDON,적합
ca764126c6c1feed5af92c78fcaaf49ef7ad6dec313bb7fb23d416f22b5b2cdd,2017-05-04,Unknown,L-EGANT ONE-R,적합
fd0b54a6741c578a1569a1e4dd29f2ed21ab98d0dc4280fcd3e0c2d3fcc74280,2017-05-04,Unknown,L-ITE 504 HD,적합
fd4476834adbf698115d2d4af9ec30a91558ee095986614c33aeb9ca16d405c2,2017-05-10,Unknown,T LINK 11,적합
39f27f40f82fb12b84fdf3b4c5aa9447d0521edbb2ba34bef3a5c025900ac752,2017-05-11,Huawei,HONOR 8  (FRD-L09) (MAJ),적합
3e13d0131899d9178c81b63bf9a5e4a84e3e43a1e7073d67eb608ad96e10c65c,2017-05-11,Huawei,HONOR 8  (FRD-L09),부적합
91997535089a6cb53bd88b00d56093930a46f0078c9835efbfd5853890aab9eb,2017-06-14,Unknown,Zenfone Go  (ZB500KL),적합
dbe55d2e64d688e47b11c2368af999c1e54d424adbc0468fce93738da9b12a3d,2017-06-14,Motorola,MOTO G5,적합
eb10d8719c5f58a4a40f8fefecfc8b46197a0827feb698452224ecea60390b48,2017-06-28,Unknown,Key One  PRD-63117-023,적합
c9ccee5677d6f6163804662c39a8dd91b941900719368979f785f3651cd43d85,2017-07-03,Unknown,DESIRE 650  (2PYR120),적합
87d85413969bd6f8befaa92bd1e98bdb40c64ef65e22eafa59195f091995a8e2,2017-07-03,Sony,XPERIA XZ - F8331  (PM-0980-BV),적합
8beda2b790d42b0cae33317829e502a8278651fa4ac8f6e10e4984f077e02b15,2017-07-03,Unknown,Zenfone 3 Max  (ZC520TL / ASUS_X008D),적합
0ac99412947a013b864734cf683dfc408186d04173e914bbb3ca0696e7bdc721,2017-07-06,Unknown,POP 4 PLUS (5056D),적합
a5a88c2163ca64e2a3e43ba515659ee25a4ddf483ccf07aa7fb36706ac5aa3b6,2017-07-06,Unknown,Q 4400 (874761/TF018E),적합
67190d15ff2e2bc320a64a2ca231ca7971cc27a0e12da7660202d0c065c568a2,2017-07-15,Unknown,HAPI 30,부적합
4fec63a750f1f1d6927162043299b4c49d5159e0a22c01c4ef38c570d352e236,2017-08-03,Unknown,TREKKER-X3,적합
cbabf52e0b8724dc887426de3dbd9c64673cd319e048f696b6b1fc571ae48d3f,2017-08-03,Huawei,P8 Lite 2017  (PRA-LX1),적합
26cbef365e8307cd0693fb8ddf3f9afdc0ccd9f16b8c728e02b5ebd9ae1189d3,2017-08-03,Motorola,MOTO Z  (MOTOROLA / M1B90),적합
418065386ba968f98edfa48e0ed11b3d6737b6f1cbf85172ae9b680518c413c1,2017-08-06,Unknown,MOON,적합
017b42138b255d0fc89c6c2625d415463a850b35423e1f1112abff4af447c5a2,2017-08-06,Unknown,BLADE A610 PLUS,적합
6a7151c0578cb6e9c66577163f71dd3ec2e553ceef597b5a9b8b1b4a334b98c4,2017-09-11,Motorola,X4 (XT 1900-7),적합
59fb45adf09362bd13ce947c8a4b65bbc9a7b05d8dfd335fbcc9708f2b24e2a9,2017-09-14,Unknown,F23 (MAJ),적합
cf6ff8a6b76860559567452acadd035685ac63e1b60a2fc521283f098a122458,2017-09-14,Unknown,F23,부적합
9da70cec344b4fd0872e7887bc95a45bdffa9756816fef57a0f7c999fb63a7b6,2017-09-20,Unknown,U5,적합
0c93eda7e334f4e2581653462f75600720b97428c09b33d5a04c1702d8f53c7f,2017-09-20,Honor,6A,적합
97cd615f8f6dcbfc27ee5a9ef3c7e3d07b4c2529c405c39e07dc7dc1d0fcd72b,2017-09-27,Huawei,P10 LITE,적합
2bff8a80437d91f7c318e5d341b782521ed501190c1c9f42ce8ceab015ea1e10,2017-09-27,Samsung,GALAXY J3  2017,적합
27bd9469dc422992f5f896c873da2e96ecfa609b6f5ba5a7c2e595446935b57b,2017-10-05,Unknown,NEFFOS X1 TP902A,부적합
1ea6c88687ae2073a9539f2302afdbf6ef7393db272d3ddfce0593973f0fe71c,2017-10-05,Unknown,NEFFOS Y5 TP802A,적합
739bf0a5883050c82788b41d6a4d48e8dd36214ee641edf7c6d4235587e88da0,2017-10-10,Unknown,STAR PLUS (MAJ),적합
a999ce9b80a8c5fa1ec11fcc077f33bc0c56cdfe9603b57022bdda536be16d29,2017-10-10,Unknown,STAR PLUS,부적합
4b4b5769d421473e4e6624dd73d60ec922c7dc0a9eb062e4e25e0dec076d751b,2017-10-10,Unknown,TOMMY 2 BOUYGUES TELECOM (MAJ),적합
6eabf63e5d35361f7b1b5d1e8424b9b9ace936d4ab5c47bff1e1af8136a37f7b,2017-10-10,Unknown,TOMMY 2 BOUYGUES TELECOM,부적합
6ca4febc0883c7e3062046834eebb7bcedef1313cfce4d89489bf95f117ff366,2017-10-19,Unknown,G6 (LG-H870),적합
79793949e2ccc88ce288bbf019428cd03008b24cf64aea5a60d5d6de04f410b2,2017-11-01,Unknown,PIANO,적합
4da231aee2f47a6ba2dbf03803a87dccb8a3ff0cb5e12387101b7d93ea888b99,2017-11-01,Honor,5C,적합
35b8ff6faddfbd7c497fbf43525c8b7b402d915d0890c4775fffcf2c5ef6d8bc,2017-11-01,Unknown,K6,적합
2bcb17551a0d2f5402ebdf50f67f938b510081b4a5ec70b58e186966a2dc9470,2017-11-05,Sony,XPERIA XA1  (G3112) PM-1001-BV,적합
dd9c562d0ffe8c6f129e27f57fa3988a1779589c211e4318ac6405d0eeaeecd1,2017-11-05,Unknown,WOOZE i 4.5  (8002506),적합
55f37b9d8b1a4c64ae7bb6f9e61309b941685aa60256369876cf31c226d6cc0f,2017-11-05,Samsung,GALAXY S8 + (SM-G955F),적합
1b1721eadb091eebe992df5752067cc79eaec1b1f1aebf331e3735a65c6e8cc1,2017-12-04,Apple,IPHONE 8  A1905,적합
2dcb13fffc735f08d20320e544ad077bbb991f9f7d87f0a18faf85ca9774aa09,2017-12-04,Apple,IPHONE X  A1901,적합
d3fbf654be71eb1293dfd83a7401d26a6e0ea8bd72d524027ed4d7b0bce258e2,2018-02-01,Unknown,JERRY 2,적합
16be898b56d471b2cf66823662b450e9cc4af7562a4ec3004191b632d8168366,2018-02-01,Unknown,"SMARTPHONE 5"""" 877947/M5016",적합
1d2b6c4fdd70c5f9914cd088844e7d130d1ca2a479e36789d5a4f671eade2b4b,2018-02-27,Unknown,ACTION-X3,적합
cb08ecd6ad519bdcd472fb6335d8de0ca513173e1dbb2a4be8b3f1d137294373,2018-02-27,Huawei,P SMART  FIG-LX1,적합
842cabf33d2b65f62399948a08b830d3e29e76b2431f71fa0a619655f68e4c6d,2018-02-27,Huawei,MATE 10 PRO / BLA-L29,적합
055a8cd380dd5a0b77c18d3b0914ff3422b4e64a2fb025a7b013290f2d9e7759,2018-02-27,Nokia,3310 model TA-1022,적합
704164b013592af2de037755efa3391b6905266fbbf361fac13b85f74b4655a1,2018-02-27,Samsung,GALAXY A8 GH68-48715  / SM-A530F,적합
4a1545ee22389bde30eaf24ecb13963aeb5c1fe677deaa3fd7db725a46b8a3c7,2018-02-27,Sony,XA2 / PM-1083-BV,적합
11ae9dec0ccd8eb8f6e6e049a5750982391ce61b6b0e6f87a095e6cdeffca4cd,2018-03-07,Unknown,ACCESS 50,부적합
a6545c0e6d488360d9b1d2a2bed931c68bf7a73ed1327db67a01385cb7fc006b,2018-03-07,Unknown,ACCESS 50 (MAJ),적합
2503979ef488063bf9290f622b6701a6c5e9a258771769129e69459f384dd975,2018-03-07,Unknown,ESSENTIELB WOOZE XL ART. 8003595,적합
859c5d343cbcbf422870fb1979926e20c9f41e6bddd9cb5423946365011eb72e,2018-03-07,Unknown,M Bot 60,부적합
6f1e6c95398d3b46631393cfb6d4cfd8d273f5670f67a635f7d877ec74ec2816,2018-03-07,Unknown,M Bot 60 (MAJ),적합
2cee0aede762af2703b0fc77a46130833eab80b447325870b61defab9e7f7e2c,2018-03-07,Samsung,GALAXY NOTE 8 SM-950 F,적합
add80efef2d056a981741208a13eff0ef09aea4af0045e52e95767dac699818f,2018-03-12,Unknown,ESSENTIELB WOOZE L Art : 8003590,적합
c9e8e3b65e88abf98a30c8f86dcd30364bca3ceb2dbc3ae4546105ebdd0573cb,2018-03-14,Unknown,ULTIMATE 2.4,적합
1322f3b90de797f1ba063cb479f0c03898e7dd1deb90c8ed812496c0b713f99c,2018-03-14,Unknown,PRIMO 406,적합
2c0e61289a332d31a19876f6de9edc6b560d224664d4469e063e732425994136,2018-03-15,Unknown,KX-TU329 EXRE,적합
389b4aaf4ca912ed9c415db1fb1e92fe90708109b0b23c48c0f225893fa69f26,2018-03-20,Unknown,HAPI 30 EDITION 2018,적합
c71bbf32b4637df3d2eee3369abfdff60a3689fbcde39049ed2fe262a852b681,2018-03-26,Samsung,SAMSUNG S 9 SM-G960F/DS,적합
a538ff625eac44d342e494a8f1e39ab7c450a05b58e60e50274216d854806b80,2018-03-26,Samsung,SAMSUNG S9 Plus SM-G965F/DS,적합
99dead030764fbfb9dd0796c16f2453397ef2eeeeb56f4f5b43f9cbac1b43568,2018-04-03,Huawei,P20 lite / ANE-LX1,적합
99107a09de11aadce3eb918363c1293a11d644c8891bb534452b360b62746afc,2018-04-04,Unknown,8042 / DSB-0110,적합
331fd79f93480f5963428bf75b4bb9ca375cc145a6158e0f020aa7e0e0d624f2,2018-04-04,Unknown,MOTO E4 / XT1762 / M29DA,적합
88a597ec39549b6442b6943d4c7f01a52522258ae41dfcc3e08e6b5ee616f3ad,2018-04-04,Unknown,SP 402,적합
e572fb68cdb4a7f8bcc6c86d4558c4b19bc442ff83f9f79f235f67a7d08e5696,2018-04-04,Nokia,NOKIA  6 / TA-1033 SS,적합
ac0e86f2fef24b979b203ff16480bd0d260574535249d1ee9f46ec21fd2bf4bc,2018-04-04,Sony,XPERIA XA2 ULTRA  H3213  PM-1093-BV,적합
0152ee2149c267d063469e4a297f4eca8bff2dac9fdf2b1bd76c89db4a8d8b42,2018-04-04,Unknown,VIEW,부적합
5fc3b1d3d74fb0eefed18e10103922d5077dce56f6c2e418f7556b113e8822c5,2018-04-04,Unknown,VIEW (MAJ),적합
fb2109aaf97d782db7792d29fbccf8b58f2396b01709a5486912bbe579437a8d,2018-04-04,Unknown,L-ITE 506 HD,적합
1bc6bceda484be2e182a8b104a27aa2f4db973cfc38aa195da4c17cd689ed36f,2018-04-04,Nokia,216 DS (RM-1187),적합
6f1cfb8716f316d1edd8998bfb5ce8d9133ddbb99671a721d53eb92a4d749c55,2018-04-06,Huawei,HUAWEI P20 PRO CLT-L29,적합
2c2e7f93a19437125f83de9dc8ac14b5fda9d886b4aae91d76ceee5a31d05cae,2018-04-10,Nokia,8 / TA-1012 SS,적합
0af83762ab8e8a3f372e384d2788be466eb95ef7046ceb370a876a5c062ce5c5,2018-04-11,Unknown,POWERMAX P550 S,적합
a6acff7ef2ddcf78b02f7f9a28ab2d5b993fd99d322ca08d69889ca6a7ad567c,2018-04-11,Huawei,HONOR 9 lite / LLD-L31,적합
327976f5e659d85a658f3f2a728aeb35e1f25619ef29fef902e7d0b089ad6cbc,2018-04-11,Unknown,SMARTECK K 202,적합
c7242a8a5ce8026a56ddb416855e923a304f1f44b859f9993e27cc1700b9907a,2018-04-23,Unknown,ORANGE RISE 52 5044 P,적합
90d813b05b0b2a343f6e7151aa1587946c9cc769a50698ed52997a347a61ef79,2018-05-02,Unknown,HORIZON LITE,부적합
2815ab9743048924b35d80a84a8933aa9629904759f846157e18a36662a148cc,2018-05-03,Unknown,S51 GREY,적합
e21b766cea61f1fb1d8157e2001c29dea9fd514285c219621c3996e60e6cfb6c,2018-05-03,Huawei,Y6 PRO SLA-L02,적합
4058722d5b477f9dab84290a6ee14d995d5c1e1bfefff117da98c14b1fc7a03d,2018-05-09,Motorola,MOTO Z2 PLAY M274D,적합
a74dff24a941508dd28ced4204b393d651ad1fb352854732f215b7909c684975,2018-05-24,Unknown,ITW 5,적합
f0d57a989445e77521e40aa505c8cda15b822ea1c06b0f45331daea00c83330b,2018-05-30,Unknown,RISE 33,적합
61a8fd4e280ccfb33faaa8494d7605b690b34271fe6918fbaeb15fb59507ac29,2018-05-31,Unknown,FAIRPHONE 2,적합
f27b3ca4d680948845faf43460e69ed148a80ec0d61e04130bee22dd564d06ce,2018-05-31,Unknown,VIEW 2 W_C800S,적합
a0d740e568913f05de8639ba0cd25763adb3b799128ae6e13608f9f8d377c9c2,2018-06-07,Unknown,2038X,적합
41a85eb673709fd744bfa835d929b7fc444029aadcecaef6fbb1ffcb3378c7ac,2018-06-07,Unknown,6050 DFC-0080,적합
378007c4949085d192c4d9b6716666e009fba331897055db2ab38827a3b0cddd,2018-06-07,Nokia,3 (TA-1032DS),부적합
efc8b6bc6d39162a5eab58b29ba49edd190a529d198095080661a032f8310ef4,2018-06-07,Nokia,3 (TA-1032DS) (MAJ),적합
a8319f8bfa3a90018132fe7219982661c8ac5563f8b7857b0d7b6fc39dc3fdec,2018-06-14,Unknown,LEAP RHD131LW,적합
7a25ed7b5f3901651406f0febdaacad9e6f5678f6f64ba6a12a13f1324589654,2018-06-14,Unknown,M250,적합
1837bb934a56b8727f20513ca9ff49232b2cf948f8c2ceeb472c3de6914585cb,2018-06-14,Unknown,S8,부적합
2b40f69412144488426b6c10d3ec938e2bee0c56ce90bda51a8204ba1d5d1b4b,2018-06-20,Unknown,Call 18,적합
911f1efed55a32b5a75a6f1c72d8cb0be126632fb78d680e43e8efc948893b84,2018-07-04,Xiaomi,REDMI NOTE 5,부적합
bf585264ab0e206d0d3c5a6d127a979550f6cef88ca83fddbb4186d78ffa3dad,2018-07-04,Xiaomi,REDMI NOTE 5 (MAJ),적합
d5229f4592e06f67103cd828cbabcba690394b87b7a3045617bf8ee0b714b615,2018-07-04,Xiaomi,MI MIX 2S,부적합
5db3deb077f73d0831e9dc8cf8b5bedfa9f7dd8b167279eec9f43e20b67d1ee2,2018-07-04,Xiaomi,MI MIX 2S (MAJ),적합
01284f4e1a685da38a8660719771b0c9acb4a92eb39b4be6a23980094a459f10,2018-07-17,Unknown,2051D,적합
7056b1d511821ad83de15042d7ca7f9e3ac328c2bbfc828450a38b11df46292a,2018-07-17,Unknown,S40,적합
ac5fa7aac20a748c7be2d3a443593ffa4be686e10bb64d2f584f482a7fa0ce71,2018-07-17,Unknown,S60,적합
f786b0d9b9e8cae9d8330ccf703cc41f4a84237ac2e5608d01c08a59bb3bb1e4,2018-07-17,Motorola,MOTO G5 - XT1675 (M2675),적합
0ace7af9099a5a01d318c0e6e89f1bee925c2c382dde2311820eaa2dcb7d159d,2018-07-17,Unknown,Q.4222 (881428/M11C),적합
99d6fec43d70dc04c575291d0f1c536734f3849761719bfc5a66c47e22078474,2018-07-17,Unknown,881424/M11,적합
8641edef045af7ed79396a3d703362e6784ff5df1089e5b262ba067070d68bdf,2018-07-26,Sony,XPERIA XA1 - G3112,적합
4ffbee13d19f2be20b27aa35b4607576798662a3099126f35489cffc95571544,2018-08-08,Unknown,V9,적합
fe928daf4162f141351e3aa2c083105edfd71b05361f5a872b2a3c9d3e80bc28,2018-08-08,Unknown,X4 SOUL MINI S,부적합
de741bcc6e0a98fff4015a2d6f8a5884094f0d798b3b98899596b499ad09ebb0,2018-09-04,Nokia,5,부적합
31a039dd2a684977353c24e32a827ccad7559a63783f8911339ef7dd2770adf8,2018-09-04,Nokia,5 (MAJ),적합
51e2bf317c1590f5aa9ad04dece4345acd9dbe82f1211e17a9c3aa5d85e7d0f1,2018-09-04,Unknown,DIVE 73,적합
331ff27a3bda529469997e329ff4d950c3c9e2af7d1d5d275ac9f9f9be286221,2018-09-04,Sony,XPERIA XZ2 COMPACT,적합
8ec18e1a86580a94bb8e7efb1a89acde95c1c8dd5b09548b286f4d718ed05212,2018-09-14,Unknown,HORIZON LITE (MAJ),부적합
3ff16acde255bac6ae67c782924839b49e8c397ba14294df62eaa1e4c80d61e0,2018-10-02,Unknown,SX41,적합
090fb7a1b0c462f573cee048443f91d359cd647771c0a2abc32232ff69196448,2018-10-02,Unknown,8035 DSB-0170,적합
c8de044b0f47315e5a8c58274b5b2847d56d0b4c42bdac476b58c8e3d4895fe6,2018-10-17,Unknown,LE POSH 170,적합
6b58d859af1c8546dfb19c185c94e920f8b02cb725efd3bc8554e3e470f569b4,2018-10-23,Unknown,PLUME L2 SP623,적합
efcf4ec5524b708462db9303aa060177988028bf623f066428975a18021e4238,2018-11-30,Apple,I PHONE XR A2105,적합
b1c3417ec6ddf9d1e2a7275792b19e5e16c6c68b61d26d18eab60746f9382d38,2018-11-30,Apple,I PHONE XS MAX A2101,적합
b837fe7c6e7f56da67e383ec90670057b8298b1da51eb6205ae0d5f3ad10f62b,2019-02-05,Huawei,Y7 2018 LDN-L21,적합
396d248ec23ecd2f7c972b46e221ea23309a1083452e2df4cf2eb867a0dbda85,2019-02-05,Unknown,CORE 60S AC60CRS,적합
33f42623695d7b1bc6d031fc6a905f626e5471569aaa4d6c689214830f622a32,2019-02-05,Unknown,TOMMY 3 W-C201,적합
ffd104aec38303ec0d9609c62165001b22c9a619c352d80e19f604c75e56df26,2019-02-26,Nokia,6.1 (TA-1043),부적합
380f094937c9be9798668cbaf1b9f6f645b23c6e876fa0d0e37d78d559e040c8,2019-02-26,Nokia,6.1 (TA-1043) (MAJ),적합
f59a5a2ea8898ac4dd46471cf3a287a0296d854267ac8e818505ae73ca8d88ef,2019-02-26,Samsung,GALAXY A7 SM-A750FN/DS,적합
1ab487476d1187f4628f477e7876bbeabd1b896d32da13e2f845b06ccfbe48d9,2019-03-08,Xiaomi,XIAOMI REDMI NOTE 6 PRO,적합
fe1d8353013292cd73a939bd2a65d4df53ef8264b8196ea2b619831586c40b1f,2019-03-08,Xiaomi,XIAOMI MI 8,적합
5fbc485e1314e717192e0e8fac73ecfd432937647ade1824432a5be8e8c0806d,2019-03-13,Huawei,P SMART  2019 POT-LX1,적합
82eafddbba09cb5346fda72f0b40ba9d6fb0e1b13c9adb1030d93a86bfd9f9a3,2019-03-13,Samsung,GALAXY J6+ SM-J610FN/DS,적합
03c46e84cbad8cf25e227ae0ef3278915fb965a0c02aa15df59381f807939dfb,2019-03-21,Huawei,Mate 20 lite  /  SNE-LX1,적합
612025b3d5cf291210642cd4e5a194c38e8d7d4848efa3c24e0147b3abe3cb96,2019-03-21,Apple,IPHONE 6s Plus / A1687,적합
9d543c1358f6e8eec224267ff28039c37b1c10e9525ed9a2c4c2abb713853778,2019-03-21,Google,PIXEL 3XL - G013C,적합
287e40a9a27ecb3438342baa794aef1a0cdfaf62a43d1b83d0703088372f9a41,2019-03-21,Apple,IPHONE XS / A2097,적합
b49c90014bd9b73da71a3ca71566cf52a3d86365a2eb9fc2de19f6eae9988c53,2019-03-21,Unknown,RIFF 3G,적합
8082b640ebfc5581f9e8fe000bb437aa7663bc23290750c716b8856e935eda34,2019-03-22,Huawei,HUAWEI MATE 20 PRO LYA-L29,적합
aa93bdce7898233f5663322884a487b900967fd792ab942e70ac5b6e2cb8bdf9,2019-03-22,Unknown,ESSENTIELB HE YOU 5,적합
74ae6baff297bb2b01f464daf166415a2dfd0936ea35e8a8c5a1062b2900674f,2019-03-22,Unknown,CROSSCALL CORE X3,적합
d2ebe46ef3bea10e581945c82048afc7c476e007b833fc3f7957c3d98a23da4b,2019-03-26,Sony,XPERIA 10 I4113  PM-1181-BV,적합
d3b8e51f25db515294537e548cd4c0766e192368b5b9f18bdaad043816531017,2019-03-27,Samsung,Galaxy S10e / SM-G970F/DS,적합
b1daa99f6c031042f2ceacd5b92ab143c729dcc91bce415695645f6e4f858128,2019-03-27,Google,PIXEL 3 G013A,적합
314fc63da81aa544f23d45433d8d9ea1c730cf43344a0fcea10eb7e331f9ec21,2019-04-03,Huawei,HONOR 10 LITE,적합
5fcfabbbb1a44898bf2b1ababb942d8b779d59a11be8bba58172085efe65e1e9,2019-04-03,Huawei,HONOR 8 X,적합
a8525e9bf813c475ff4d015524f6d7145e0ab190088040930f1a950ff41a7b9e,2019-04-04,Unknown,6T (A6013),부적합
8a5ea1c73d76ee4a84bea8141b3b4050568305c536141bdab40b8d8bfad414e4,2019-04-04,Unknown,6T (A6013) (MAJ),적합
c4c71594db8727a4a397f094159890a94a4b9c5d6bba932f5bd2895f0c361ea2,2019-04-09,Unknown,KONNECT 402 BLACK,적합
df8acaa3ebd27b8f55d81392f5b6a37f9f69384902e78905f35dc4dd1ebac601,2019-04-09,Unknown,W55HD - 959244 Black,적합
3d165ad8475c1cbbe45fbb9aa5d93608bcb1f1e080699a74e78232bc6200f50a,2019-05-14,Honor,HONOR 10 COL-L29,적합
70b0c6be784b9f25dde969ed7347d49997a73a9e82e26630d2e723603b6a4eab,2019-05-14,Samsung,GALAXY NOTE 9 SM-N960F/DS,적합
8b2c40d296cb0ce6ba94930c977a5e1dfed0226ff32cc9bfcb8499117d2793d8,2019-05-21,Oppo,OPPO AX 7 CPH 1903,적합
126a3f8dcc9409c2e4253149053ad109e8c49cf5eb380a2607045ce8461a26d5,2019-05-21,Samsung,A70  SM-A705FN/DS,적합
d99edfac875c351e285c37bd727f9677dc6a925e43413c8837422070cdb8876e,2019-05-21,Samsung,A40  SM-A405FN/DS,적합
a4b483a4aeb2cde2948d4448e1ecf6f4ca9a9cbde911a2139fa545497edc00a0,2019-05-21,Oppo,OPPO RX 17 PRO CPH 1877,적합
289904e3452602776088d51369d519a206772db01c25060f7aaf7ae3b62cc421,2019-05-21,Samsung,A50  SM-A505FN/DS,적합
7c3835e7f25f9edadbdae1f607ca4f4f540aa0e07377a7138756c0176f6bd6f9,2019-05-21,Unknown,S11,적합
b9bd2d1b0497686903cb38aa4e3fb9dc1122c1c98b79ec3eb376665b9b57f9b7,2019-05-21,Unknown,F2,적합
8a8bc5804b0c9539cc0ec2ee0a1960a23a28a95f137c2d5edfb80eeb5859fa00,2019-05-21,Samsung,GALAXY S10+ SM-G975F/DS,적합
e06dcc1349f9d2df9a0e9687f4ccfaea8beb263c60b4cd3711a027b9b76977d2,2019-05-21,Unknown,C11,적합
52f359323a752e3478ebf9c6a89a52703dfd020a71593840c6c48b4fc818d0ba,2019-05-21,Unknown,S41,적합
0bbec2583a91325b11015f30970563878cd73eef15940b74b6e0325ed501a003,2019-05-23,Unknown,TREKKER X4,적합
6ef0f06fd9d5ea2bbfc307ee962683dc33feab90c124c1a007189ef3ddef4d06,2019-05-23,Xiaomi,REDMI NOTE 7  M1901F7G,적합
4ed91abaa3d7354697382fa5a6390d21d812b104f0755da27f82c5e192903041,2019-05-23,Xiaomi,REDMI GO M1903C3GG,적합
5839eea7982f8c234ae98a906f4370f7510aea69a890d3d78f02fe70f15f5e46,2019-06-11,Unknown,PRO 7  (M792H),적합
192cc1f05040a07f0275d800412feb2eb681ad9346e1739bbfc5c9659c414e36,2019-06-27,Samsung,GALAXY A20E (SM-A202F/DS),적합
5fb3402eae8424675bd8f2ea1e1ff0f5669b7c351f1a43f4888d42cad653cafc,2019-06-27,Sony,XPERIA L3 (PM-1201-BV) (I4312),적합
f39472f9394e7cda586fd681a2f8639dff71ca153f60ae0200e029341c23dcac,2019-06-27,Sony,XPERIA XZ3 (PM-1150-BV) (H8416),적합
d3486f31f7715d9ed9cc53782d1123183f46301a6b30beb8f284718ba39601c6,2019-07-01,Unknown,LE NUMERO 1 MINI BLEU (16 G0),적합
f12d326b93e2e83c240807542f21ddb2a9bf7122719d3d9c92a33b8d9b125976,2019-07-01,Unknown,GS370 PLUS,부적합
f7b1f3984a50d0cbdef03d17b60db043e7c0b3ee0913c8779dced8b03040cd89,2019-07-01,Unknown,GS370 PLUS (MAJ),적합
daec4a3f8f33af0a4df248e01fa2eb6f180f4c86e0c9d284c4308ff545496e85,2019-07-11,Unknown,ACTIVE 2 LTE (201811),적합
b0ede69bf91d66c38d49f71b296ce0dca9c5f3b91d3712401e42e6af236e2194,2019-07-11,Unknown,3+ (201707),적합
530590d267e117f2be08bc960f14c6bdd309427cb512f9f3aab43bc30dba4ffa,2019-07-19,Unknown,SKW-H0,적합
d6fb30ebe9c60169da251348ddfcc330da79f0e0568efaab15eb0aafff99f76d,2019-07-19,Xiaomi,MI 9 SE (M1903F2G),적합
475c123ecb2058abcd80090f26b13f9812870262abd1581139a0fdcdb348a9e1,2019-09-05,Samsung,GALAXY A80 (SM-A805F/DS),적합
06d12af2ace1fe48533e8693ec3bfe936ded139df379ee93845450bb128aa37c,2019-09-05,Unknown,S42,적합
261f296a7921549747cb3e84fde41bb94ecb57da86b834f4fc993c34d98a940f,2019-09-11,Motorola,G7 XT 1962-5,적합
063f9252e1a3818e2d4aadecaa06511564c2c97e66f8add430ae88711dd463ff,2019-09-11,Unknown,KING KONG,적합
4bfd39125d67f2f5c9dff875d3f0192964237e1c8da31c3cc7a6f69ebfc3829b,2019-09-11,Unknown,RAZER PHONE 2 (RZ35-0259),부적합
1161089978c98c3015bbffb68520905cebeb0e1ca883c2c60506d5a23cad5b58,2019-09-11,Nokia,7 PLUS (TA-1046),부적합
d054732552f89e46d725beaa9c3682cacd0b1549614f9ce551654a69a885fb26,2019-09-11,Nokia,7 PLUS (TA-1046) (MAJ),부적합
9d66f995076c26631c6e98ee4a9b17de5407341dc90e7723140a5147812ae322,2019-09-11,Nokia,7 PLUS (TA-1046) (MAJ),적합
6e71d58501dd4e76288d55fd96e294b213970fb23bf5b2039eff21bde9be2465,2019-09-25,Oppo,RENO CPH 1917,적합
b186097169e75216766d46088ae621ad0829793c95fd312a1c340573e7a01e89,2019-09-25,Unknown,LE HOLA,부적합
166786a764e9d86d66cc35ed96f12a11a897ade864f9660e237bf0762578c906,2019-09-25,Unknown,LE HOLA (MAJ),적합
ac2a3b98ef2be33bad2d922c86fa27177caf354e2a07ca153c88bdcde023b6cd,2019-10-02,Huawei,P30 lite (MAR-LX1A),적합
d4ae4801ce03e5f02ea1008ccde621aa55df47dbb5606ca9f691f9d05faad560,2019-10-02,Samsung,galaxy A10 (SM-A105FN/DS),적합
b1e9acad68f6031e966fe0c4742db5a70f562e5adb78271341fe4fc6458221b8,2019-10-03,Huawei,P30 PRO (VOG-L29),적합
2a3eddaae9c4172d46ed18827df8cae3e8f897a87d201cd8945affd7e54e42e7,2019-10-03,Unknown,NEVA PLAY / BLADE V10 Vita,적합
8aa5ec5dd02e073e0c6756701937e2bf9a40e0e92d7618a056d248cbab369a11,2019-10-03,Unknown,RISE 54,적합
4459194319cfe54c095dfa610eb9c67ab0281ffb5a1b55345370d9e1a22ec5bf,2019-10-08,Unknown,LOGICOM PRIME,적합
f861c20449ea79c11a112ba6aa49cf7a2544697310da4a202d3816d71edc9406,2019-10-08,Honor,7S  (DUA-L22),적합
0dc7a0e46429b56cfddd114bac9a20223f7238e7154762da27bda7322a7470d5,2019-10-08,Nokia,3.1 (TA-1063DS),부적합
6234ac1b9989c2a0209711b3dcc1b2b5b571d071c533631ae6bf2c7d2d1dada1,2019-10-08,Nokia,3.1 (TA-1063DS) (MAJ),적합
58c58622f24e423324fe84bc6cba84fa436eb778992f93df03957537c9e40d49,2019-10-08,Xiaomi,REDMI 7 (M1810F6LG),부적합
33be29ca0e78035ca9068ff29a8b338a3336ed4dbe4b3554cd60fd92fd00c128,2019-10-08,Xiaomi,REDMI 7 (M1810F6LG) (MAJ),적합
f38154f3a6d658fa4b3b7b43bfbbf87ba7086a009b8b6523a315a48ad729fe25,2019-10-10,Apple,IPHONE 11 BLACK 64GB (A2221),적합
d3d1460dc8c6af1940e55ddb1ffc019cb79ab5347771eaff3eba6c234b165691,2019-10-10,Apple,IPHONE 11 PRO GOLD 512GB (A2215),적합
5929d3ad303c87cb5c94bdc078a4a2d9f3f6e1411ee425bc32e2d2691a7c3c6b,2019-10-10,Apple,IPHONE 11 PRO MAX.GOLD 512GB (A2218),적합
7bc8e1457edca25526cd997b216a92dd3c8be0c842391edfedd3bf71c7021aba,2019-11-05,Huawei,MATE 20X 5G (EVR-N29),적합
65989f8fc95dc134ce3b95a4909887bcf0ad77847a276318dd9879cad0c17776,2019-11-05,Xiaomi,MI MIX 3 5G (M1810E5GG),적합
0d0b8be28ea2965565af8fb7a2de0d783818c7d62e0c3c1e2d75b43a3b85fad8,2019-11-19,Samsung,Galaxy note10+ 5G (SM-N976B),적합
5b303ee4687df4df6540d4dd6adb8aafceb5c4291ccce139ab9999f4ef169b4d,2020-01-16,Honor,VIEW20  (PCT-L29),적합
755ed71ba03da92390f216a5c573a61334ac71b9c09cbf5f0b5ae905a6ecde2c,2020-01-16,Unknown,VIEW3 PRO  (W-P611),적합
6473051a7afa6460d21e49fa3664dc33a699b33f67f6680c2bb890c874a17d7a,2020-01-16,Unknown,VIEW3 LITE  (W-V800),적합
58939b1d58e0e0d9e131ed95fa25f92c6da8133355b80cecf62af84f2defd78c,2020-01-16,Huawei,NOVA 5T  (YAL-L21),적합
532ae0c1b2aa2dc9a5b196c81a04fb6401c3209b2da14a107bd3bbd6cfa5936a,2020-01-16,Oppo,A9 2020  (CPH1941),적합
aeae49fc37dbcf56005d0a0177e257d24b34de5a7bd0072c67adfe05dbce3585,2020-01-23,Unknown,HAPI 11,적합
b49e47fd012b7a44392d1050f4599880de190af7cc14f3808ef714472a5738a4,2020-01-23,Oppo,RENO 2Z  (CPH1951),적합
24e87f293163c6741660d1ab209b77d7ed9b40520634eb91fc120576bb6ffd3b,2020-01-29,Samsung,GALAXY S10  (SM-G973F),적합
4f9213f6db3eb6e3d7c785a9ed1cd8670d1834cc676294ef310f9daee11e6a78,2020-01-29,Samsung,GALAXY S10 5G  (SM-G977B),적합
1f8ce27888166b7746fb378be790af479717fc9a81cb6229e657fad3ff4ff78f,2020-01-29,Unknown,NEVA JET 5G,적합
00c94e0873cd3d96648a61d15d2e4832bbb3265071864d4dbf61e1ae1bcf15c1,2020-02-06,Unknown,DUNE,적합
b956d40190982767ef029eb5bb1737e5be8819c782ad4a9abad71c16253f1050,2020-02-06,Xiaomi,MI A3,적합
d6bb239f1e73c2024650aa54be3dce25582e0ff9a0567c4255ced319cdd3d829,2020-02-06,Unknown,Le Moov 2,적합
4b34b393fef0cb913805eaed3390d61bd60d57be943334dc64fb245a97ed4efb,2020-02-06,Oppo,A5 2020  (CPH1931),적합
f7fab493bb72a20b8bdb2f3de1f89578435dd8cf899ef478ae3fa9419347bfb8,2020-02-06,Unknown,HALO-S,적합
010f81884f7787f5976cf108385228e40277512e833c30259b11555c156d96f6,2020-02-25,Unknown,SPIDER X5,적합
1b60aee63ef4b79dbb114452174078b0709600018bbed6fb0dd4a1dc5d76a90c,2020-02-25,Unknown,3,적합
b8fe4551f1d132e7bc25d4fd60a0707845b7d823fa39201f5765f0c2c64b36b5,2020-02-25,Oppo,RENO 2  (CPH1907),적합
546f7c4f8a2a2872ce7f7e233c2e6a76127ea99132c44be88a28b1dfdfdc6579,2020-02-26,Apple,iPhone 8+  (A1897),적합
b05660cbbafb93bf6b3ff9567a3b95ef67e6677f1bafb043a4a6b78bec2f289c,2020-02-26,Samsung,A51  (SM-A515F/DSN),적합
9b9c1db01a1ea8f70bdd8e02c731923514bb9cf7eb449f98dba8ff19fbc74ca3,2020-02-26,Unknown,7T  (HD1903),적합
3140d4e1e9c47f9c390d5922d543084de2e8d5271eba85a9854b11eda0e9d243,2020-02-26,Nokia,7.2  (TA-1196),적합
aceeb80f44e00312012c4b021f09996e0da4471f32c47eb19e22861cc7948788,2020-02-26,Xiaomi,MI 9 LITE  (M1904F3BG),적합
caaf4d4fdda0a7961e1231b9f404e840ff9819579e458a2704f295eba37d7bf2,2020-02-26,Xiaomi,MI NOTE 10 (M1910F4G),부적합
9c14d7fe59223865c84fa160a5c9b9a13d494312f2992bcae7d770cafa21bc09,2020-02-26,Xiaomi,MI NOTE 10 (M1910F4G) (MAJ),적합
e7c3c46921799c82cbb3242737c4fa2fb6891074eaf662adb0455617dcb2e567,2020-02-26,Sony,XPERIA 5 (J9210 / PM-1241-BV),부적합
f56e4a78c90bda449ae905a9c2f91ff00ecad3215f2cec584cd3074d91967a04,2020-02-26,Sony,XPERIA 5 (J9210 / PM-1241-BV) (MAJ),적합
124dafd5100cb4011a9ac1cb4570bc6a8bc9f7e56ddbfa1d9132e363a2887655,2020-03-05,Unknown,7T PRO  (HD1913),적합
75de3e943b67cc84cf471f3c79565bdc6608ab4aceddb2cd04485690d5babefc,2020-03-05,Huawei,Y5  (AMN-LX9),적합
7808c4a163dc86ca1a18a8cb957afe8d4c4da1de215a01fddd042d4d445aef6d,2020-03-05,Huawei,Y6  (MRD-LX1),적합
568dc7a05b6b846d2dbc60add6c57f919fe28682232ecde92037a83de13bc086,2020-03-05,Xiaomi,REDMI NOTE 8T  (M1908C3XG),적합
0fa68aa40aca090582ea9407f90b5b1aef4051774a6bd9d385505ed3091802b9,2020-03-05,Unknown,ARMOR X6,적합
406765848824996bb40f9c4105841d9dfb664b6c30489af21b3f1fc506b40f37,2020-03-05,Honor,9X (STK-LX1),적합
a28abbd92a538617543eb5669e611f304b25ea8a68dd4b8ab95b862a44a5466e,2020-03-05,Unknown,P30+,적합
f771c1e308805ffe2444d35ce7b93b6722233c62cdd756f9d0f422b84b7e95a8,2020-03-05,Unknown,P30,적합
92e51ee9561f0540b8af1e4528615cdc6213137f333fce40750a9a7745a4ae60,2020-03-05,Unknown,M2302,적합
3b4ff3b9ff41ca8418c2a204e1d36650d20a883f0489506d05f8b4df90942840,2020-06-29,Huawei,Y5p / DRA-LX9,적합
f4c5e3aca04fd4b05376c459aeacfbd0ed3d68cd3de115600ddec01fd89d421d,2020-06-29,Unknown,le posh 178,적합
28dbd50412143e1f9533301677bc0a177a354057262e62fad08a3bad78eb1b38,2020-06-30,Unknown,oxygen 68XL / AC68OXXL,적합
976cc4c2a5b823e994b84ef7badaca68cab619d8c08063d2c73f88ba6a93c668,2020-07-02,Unknown,LYNX,적합
c0d7a7f7ab6a7002364a3fc97d9ccf765b6924cfb1446c1dd041bd8f04d52f93,2020-07-02,Huawei,Y7 2019 DUB-LX1,적합
00b360cbaab1460862a0cb8bfa0ef1db286ee4e72c5cbd329ba1132a960e8b17,2020-07-02,Unknown,Y80 / W-V720,적합
88708346a8a617f8e6ab2c93286f816470dab63ee9164b6a06ae93ce3ecb19bb,2020-07-22,Huawei,HUAWEI Y6S  JAT-L41,적합
b6a703e9ed582ad47ce93d9be6d94a6a1db7fc1c7cf664376c243117d9f132fc,2020-07-22,Huawei,HUAWEI P40 LITE  JNY-LX1,적합
3526d826e58e8c342098e248d192ccd9da1a1dc8dd43980fa52cfa192f20ca5a,2020-07-22,Oppo,FIND X2 Lite  CPH 2005,적합
f42d35f269908758a0462f0a2895c7b9a56629cc966cc7506cce997761076a17,2020-07-22,Huawei,HUAWEI P40 PRO  ELS-NX9,적합
70de8ddcb983137ed8e2c38d8bbd4586808d64ae5ff5bdd5678e77e0b3007361,2020-07-22,Xiaomi,REDMI NOTE 9 M2003J15SG,적합
91e3e14856770ea95341e231484000fc8869553ff6a5f19f7c3cf59c6319a788,2020-07-22,Samsung,SAMSUNG S20 ULTRA 5G   SM-G988B/DS,적합
aa3cb802771290572ee85130c6c71e92f94cc32be1823bfed2729d83b7a1d62e,2020-07-22,Samsung,GALAXY A41   SM-A415F/DSN,적합
cbf9dd72d22bd4dab76056c5f63f73bdcc15ef9736164da22e374e590a0a71ba,2020-07-22,Samsung,SAMSUNG A21s   SM-A217F/DSN,적합
e56725f77d2953a809007fa36f188f50d43700a8fc5f2f5fba17d13fb5923a95,2020-07-22,Nokia,7.2  TA-1196,적합
a4658147977042746e244bb267fa988910fdbc31044f10f87e66780735c99a14,2020-07-22,Samsung,GALAXY A71   SM-A715F/DS,적합
256709d8bf9d08e4149937f139ec2556b7e561dacbdf2cadf16d7a017b53fb65,2020-07-22,Unknown,Y60 - W-K510,적합
b7deb87096c3c4d428408df1b0b1eab14a00828fd361cef468a32ed721778b8c,2020-07-22,Unknown,WIKO VIEW 4  W-V830,적합
d440f7a01915b871e99c790c1c4f9e846ff6e14ba4494e32c377a01ad98ef1a7,2020-08-11,Samsung,GALAXY S20+  (SM-G985F/DS),적합
a8cf38d971234e73c4f94b770c6fb7519a13b097576b130bb997a96a11357c88,2020-08-11,Xiaomi,MI 10  M2001J2G,적합
c19e4447587286e7105187658f893c375e1766b0af0b1dede81edd93fbc41bea,2020-08-11,Oppo,A72  (CPH2067),적합
e4f32e4817d428c88ead0947f22263e027c4ffda2105843c2262c210a9bd1308,2020-08-11,Oppo,FIND X2 NEO  (CPH2009),적합
7672995c5e40c038fc8a669719fdb908ea6a7d5a03ca3c95761f63c6db7a3a79,2020-08-11,Unknown,7030 - DFC-0270,적합
cf854d88138e8e52f1883a8dd234a209abcd063ec2dcd586b54ee4a7063a71eb,2020-08-11,Apple,IPHONE SE 2020  (A2296),적합
ea08e9eac0603d93758443d38fa8f81570764cd8134bc865cd0550d5c85a5b5a,2020-08-11,Unknown,Y50  (W-K130),적합
9092661cb87930f801e90260a78ddccc7758fe68f2a45678bba9759d48e8834e,2020-08-19,Unknown,CORE M4,적합
8e671e009235973f6cb8bb2ab54a82b74de51ddff8e944ac940857fc8813b573,2020-08-21,Unknown,S43  (5028Y),적합
6357f5ad00499cfb928497a034e00d26e64041106c79684f521a48b6b312cb06,2020-08-23,Sony,XPERIA 10 II  (XQ-AU52),적합
2b969241c15b5646dc7389481bf89b18f29883db303dbb055ed53eb9e9e54a4c,2020-09-01,Huawei,P SMART 2020  (POT-LX1A),적합
c7ebbbcd9b9e83475d59625e73556fe0164c8b3260e85b32c0e360de94778317,2020-09-02,Unknown,POP,적합
08fe81eedb8d704620375bd6bd523e3e5acc97cf38eac32447a0c0389b364dd1,2020-09-02,Nokia,800 TOUGH  (TA-1186 DS),적합
a60751de2463e9090965821e3864af004a8635b34cbf51a16c6bb6b5cb435ae6,2020-09-02,Unknown,KX-TU466 EXBE,적합
e95c7ae7074b8dc0c8cf2275c7aa0ea4d21c22f5b0d3acfcf1294c07f016035d,2020-09-09,Unknown,HEYOU 60,부적합
ee8955cccc3c8bc12e139215ddf2cf1f2b0b20b6f82d36302bcf277f97e529ad,2020-09-09,Unknown,HEYOU 60 (MAJ),적합
c8fe45df81f8b86f5fa50ead99e0c1d826e486c7a046c518b4deaf5d941aa687,2020-09-09,Unknown,BV 6900,적합
956808a88356b11a42667faeef04094d44a6586c27d474eb4be8175e0af30009,2020-09-09,Unknown,CORE X4,적합
8d2c9ea72c6e5ccb2b5d2902645cfd126ac88b91fb539b82a0dcc6f169abac27,2020-09-09,Unknown,KONNECT 607,적합
4e16ccf22653b53f5c7aea92c9bccf241713b6f80936e602d0b0ab62b639f48e,2020-09-09,Realme,6  (RMX2001),적합
8e1375e5830924e7695e645515abca15a4459d7825450f8135aa7e64091af0c1,2020-09-09,Samsung,GALAXY NOTE 10 LITE  (SM-N770F/DS),적합
af33f0b3eb0b8c2205a39f0177d39f26ed40c16f8f3c1fcc13f4943bc899088c,2020-09-15,Unknown,LE SPARK,적합
936d5a7e2051ed9e5910943ea04606df24d8fe68ecee2bac9802978fa166a465,2020-09-15,Sony,XPERIA L4  (XQ-AD52),적합
0584c8baa9dbe696e01e93aa19876b54055080e9edde66715e2cfd353bfba277,2020-09-16,Unknown,OXYGEN 57  (AC57OX),적합
99e9740178b83dd824bd1761db02995f02f57443b249689200b86307d101a97c,2020-09-16,Unknown,1350  (DFB-0120),적합
5c06bf4e066528be316d08a3c8d9c9f228db96510b67cdd2b4140e437d020efa,2020-09-16,Unknown,SKY 55,적합
da55e350f4fcd16460b3e0f9dcb1c36d341b4f3b74d138cddf5a376cd67b2e6d,2020-09-16,Unknown,LE FLEEP 178,적합
90eeea1d7639e977967ab61d5da5de6af23093c0360a61b15382639d7e8c74eb,2020-09-29,Huawei,HONOR 8 A  (JAT-L29),적합
b60e89d6c759176a966f04c2f694caf63d619156304298f5f79f5fd0ae8d95b8,2020-09-29,Huawei,P30  (ELE-L29),적합
38d388a6f608c82c8a837950e4b48e2ce5093aafe39ce9fe0f8e70ceaee45abd,2020-09-29,Motorola,ONE ACTION  (XT2013-2),적합
fcf3e3bd8a2dc08af9855655a37c01428ba46fe2aedb33a250e577b348cdca8b,2020-09-29,Nokia,5.1  (TA-1075 DS 2/16),적합
f1c28d5c0ecd5ef590680bb79a564a1e8c8296ae666fc0dc6713922c48022de2,2020-09-29,Unknown,View Max W_P200,적합
d3d1f6a892824f20277ebdae824a4b055c3b935c867ee7a8115b222ce6e82351,2020-09-30,Unknown,RIFF 3 PLUS  (W-B2460),적합
d4cdbc2e094fcc029d59cd063ce665de562f5517111b3eb0f9f26ed2153e4610,2020-09-30,Unknown,LUBI 5 PLUS  (W-B1860),적합
b0e67441df3c002982f197b3a4908bb2675db50b63f7bb266374f4aa40acd945,2020-09-30,Xiaomi,REDMI 9 (M2004J19AG),적합
7402638e575d03f296d844a29644c460e11c306dd3c63594e7ff2d4676039cfe,2020-10-15,Samsung,GALAXY S20  (SM-G980F/DS),적합
8934b6316a2d17cfaa3d058430d3d2c15f52200e90b37a3f252d2c5230991b46,2020-10-15,Unknown,VIEW 3  (W-P311),적합
9ad09d3a1472c6f977219c46448fa81375efa1a5a690a25fab9b9650e9a07265,2020-11-03,Samsung,GALAXY NOTE 10 PLUS  (SM-N975F/DS),적합
0e0194948bd40f2f6740ea458a0446639b01e78f5f37944a4419784d2e93a301,2020-11-10,Samsung,XCOVER 4S  (SM-G398FN/DS),적합
65fe1a28f06a9cf357e6924b25bc94a3c629e45008d547fd4eb2a0702b926bf4,2020-11-10,Xiaomi,REDMI NOTE 8 PRO  (M1906G7G),적합
e6cd7d5518a58a00f63e3730c04c8c2ba613efd116e64bb80e8d4d8714d0fcc5,2020-11-12,Unknown,HEYOU 40,부적합
e6638d867567b0c979687b14702476528a6bb3317ab7bc1ac414d7a26a6c88dc,2020-11-12,Unknown,HEYOU 40 (MAJ),적합
a2b4414a98b371e90f52b9eb523b76304b4df725b43575e020a4e465aaafb682,2020-11-12,Huawei,P40 LITE E  (ART-L29),적합
04e70cd569d0206ba0d23a650332fef72022921992239f117bf3e58b634977ee,2020-12-01,Huawei,P SMART Z  (STK-LX1),적합
503280e1d8dd4399ca93d1a5660acbbd5c1737e8da20becce5205ecef2079e4f,2021-01-21,Unknown,DIXO,적합
0e1f7684740c3653837cdc03dedce569ff39f4c69b8365501d3bc491336aeed1,2021-01-21,Xiaomi,REDMI 9C (M2006C3MNG),적합
ce8f249b920d6fe4f27b32e5cc7f25c7215df89ea884d6cb4dad22b6859d8c7b,2021-01-21,Unknown,DOLI  V2  (286 510 438),적합
4a44d02efda5b0eaffb712213304af068a609799513a0389a1c01be9b5cbd382,2021-01-21,Unknown,1 (5033D),적합
91ea11af550c3b63a3d9e6a62a0860f4f8bbe1a99b08c0dcb26df6ac9ddf0140,2021-01-21,Unknown,ALTICE S23,적합
8439140b1b1a3b1eef64aff2bf624785c6b1841fa5aea5bd28bb202871f431e2,2021-01-25,Honor,8A  (JAT-L41),적합
77bf53f2ef457fb702e9762d359131be5dc2ca0e7da9ede3a2fe4ba30ad50d82,2021-01-25,Huawei,Y6 P  (MED-LX9N),적합
ea306d84342420ad6b9820b3c39e42af2bf6c52c4287a1465f852b6273b69bed,2021-01-25,Realme,C11  (RMX2185),적합
41b6334a5f4c5e3028418733d9e0e6b0bf07b12830ba5613bda7bb6f25359dc6,2021-02-24,Unknown,Y61  (6 W-K560),적합
3bbc6a9f4b8476d3f5a487e2e482ee04f69d16496f845375a29f182d073cd28e,2021-02-24,Samsung,A31  (SM-A315G/DS),적합
5590882bd6b898916d92e37c54b4ee93cc03c521bf3e0979c8d73ea727319d94,2021-02-24,Oppo,A53  (CPH2127),적합
56406ff0c9421447e2ce53c246e3b8240b2412d91b4f4ef04c218a143ef40dc6,2021-03-03,Oppo,A53 S - CPH2135,적합
3a4a3051e6c29c625d6ac3246eabcf0d8f77ed9af82a06ccb9040bbbd7a3ddf8,2021-03-03,Huawei,P Smart 2021  (PPA-LX2),적합
2e77b1ada1a2b2f873d9f68603146b0fc7248ebb20bda54043e9dd69ea21a3aa,2021-03-03,Unknown,Heyou 20  (8008174),적합
59c3157cd9014b032a1f161ec350fbdbf8fbbf91eaba9ccf24b9b238944eee83,2021-03-11,Unknown,VIEW 4 LITE  (W-V730),적합
4ba482dcc43279475b3bb3f8b7673829e5af7f745863f6b5afd26c8761ef1cc3,2021-03-11,Unknown,Y81 / W-V680,적합
e684aa6904e0255c4378b1f2fc90593d51dbf37f4963a8c667afac64bdcd97e1,2021-03-11,Unknown,NOTE 9S  (M2003J6A1G),적합
f3d11a79f085ffe77ed9f17ddf6c41564dae7b9da77fb10592d0762536df166f,2021-03-17,Honor,10 X lite  (DNN-LX9),적합
838faeec2c8a2653911dd76c4a565da8022cd2f8ea698bdc6ae7fb7a971a9ba5,2021-03-17,Realme,7 Pro  (RMX2170),적합
4124049f1e7eaf20841b637d5c8aa262bf177628b3a36cc9a593e2e4386218b6,2021-03-17,Oppo,A15  (CPH2185),적합
627cef71908cd1a1597cf54a426f2473beecf9d4025ff29cb5f005c853e356c8,2021-03-17,Vivo,Y70  (V2023),적합
0acc0af307b18dfef6377bfb8f4fde435896cdf27a4feb42c289a4a32b3f688b,2021-03-17,Vivo,Y20S  (V2027),적합
fc660e3b385745e273c073358cc65ae3970421952cb25cd86fcd1b66d996cf9a,2021-04-08,Huawei,P SMART S  (AQM-LX1),적합
49201226a75d6930b31f2906d0cf5238c4a4385b988d8fd2dfbe528e01cd7788,2021-04-08,Unknown,LE CONNECT,적합
f19a537e3b1e102bd8edad701eeca00a07d0848c58ec216a57ccef88dcbf9521,2021-04-08,Vivo,Y11S  (V2028),적합
e9eb6029b49de6cb69c93f6b8f429b33b96aa56d274fd529ba40323adff25891,2021-04-08,Unknown,S440,적합
38a08b88b73e191e88889d7d031f3a7a44bd17b4cf34fad61cba3e26e4870660,2021-04-08,Unknown,1360  (DFB-0120),적합
36ddbae0c15fcd3e81e286a0bec6cb8d3932a683d71f029edcd6c04ecbd3f5cc,2021-04-08,Unknown,F300  (W-B2880),적합
b885d2c6b846be973b0eb9a4e54dc0a0c19046ce6288644184a7aa87605b7682,2021-04-08,Unknown,8050 PLUS  (DSB-0230),적합
5e7f56267a7ba62ff55d29ae9f4eb0a9d835d4ca4121ccb1a4a425a37584fd01,2021-04-08,Samsung,A12  (SM-A125F/DSN),적합
970b70d4f6ef73ac188a5c2046fd8f1483953958a30407ce180dd091e9423720,2021-04-08,Unknown,6060,적합
a0fa906d97b19336763fff5224e9d1d68b56fa32059413a3c23cde4fa09f0958,2021-01-25,Samsung,GALAXY NOTE 20 5G  (SM-N981B/DS),적합
11b47e0a40e45e5d224e5761139190035dcb731fb1a1576d6bee0264fb381fa2,2021-01-27,Samsung,GALAXY S20 FE  (SM-G781B/DS),적합
b626bedf07d8160e2b62472a4c948d1cb6d9eec4c2a966756bbdae87ae1241d5,2021-01-25,Samsung,GALAXY S20 PLUS 5G  (SM-G986B/DS),적합
846b8566842b45c11d1404c3ffb3b2ba0934872840d347a9a4537dfbd6356414,2021-07-22,Samsung,GALAXY S20 Ultra 5G SD865 (SM-G988B),적합
35feb3b14a0f801b9cc38f7c1401d229f11501774da9b95428eb77a79c6b52cf,2021-01-27,Oppo,RENO 4Z  (CPH2065),적합
7cfbf0e66828924df6e3293874efe6465834b623e38b00822dcf706b7a87cf22,2021-01-27,Samsung,GALAXY A42  (SM-A426B/DS),적합
e7711801545a6b34906ac9942558d1457b880c94d64177e3d7cc891b4fee60ed,2021-01-25,Xiaomi,MI 10T LITE  (M2007J17G),적합
2985901f31fc11894d881cfd886ffb68c600b238817935f077f75b1662361f6d,2021-03-17,Samsung,Galaxy Note20 Ultra 5G  (SM-N986B/DS),적합
a76367c59f5506307c5dbe35392cac61c9c2052a9b418c74c7731f33a8685de0,2021-02-24,Oppo,RENO 4  (CPH2091),적합
5587cbfa821d449c1ef6b3a040b9ea41e586771bda0a6e34d3f4fbb0fb21cd21,2021-01-21,Xiaomi,REDMI NOTE 9T  (M2007J22G),적합
74f4408774ee8dc21e5ad974f51e6d7b0f15e24f5a6aab0ab21c0f6b70e33b34,2021-03-18,Vivo,X51  (V2006),적합
8b047960848b05ba36a2ea1c93949080067bf720b82d30844597ec154a0a1758,2021-03-18,Sony,Xperia 5II  (XQ-AS52),적합
7fde361ff0ec93836bc0eeea83f6e1a6f1f1387e9effafd43ee253df0337b76a,2021-03-17,Realme,X50 Pro 5G  (RMX2075),적합
110baa8beb2d5a7f8e4f3f30ada1958af4aaf9ed6f94571684faf8c18e949519,2021-04-21,Realme,7i (RMX2193),부적합
566d486ceb2f5c88ae8e056df020107bcd4519514d8c8cc7782d4d208c0f78e0,2021-04-21,Realme,7i (RMX2193) (MAJ),적합
b1828996c21ebe2815b1883e9c360fd1113bdceb9c8a2394031554944dc7f9bb,2020-11-03,Samsung,GALAXY NOTE 10 PLUS (SM-N975F/DS),부적합
412b3382f734275e986870bcf2368ff10de99530137de7745203045db53e80c0,2020-11-03,Samsung,GALAXY NOTE 10 PLUS (SM-N975F/DS) (MAJ),적합
b84b4b6d4d4da5193f1a8ad2318838a2d433f3f994a8e8f8490e0b73c6f090bf,2021-06-08,Unknown,INFINITY H30 (HLTE315E),부적합
6eb33026211d41db44898fdf3add0d28d3b3bbb07463076c86c6ca4bc411e59a,2021-06-08,Unknown,INFINITY H30 (HLTE315E) (MAJ),적합
03694632589c26927a5bf8e43646478a7442624092223865e0f281653af1119a,2021-06-02,Unknown,GX290,부적합
d0a35cc325d422f1991e52f9a087cae5438c407d0194a11de8d6976b4c3b346c,2021-06-02,Unknown,GX290 (MAJ),적합
bf8c3feb750dacc0b742318920191eba6fe9b77fac690e651c9221e79edca5cc,2020-11-03,Xiaomi,REDMI NOTE 9 PRO (M2003J6B2G),부적합
d459975fcda5fabeae485caf85e99ba3f853b7db8bc54babeb233dd44f190484,2020-11-03,Xiaomi,REDMI NOTE 9 PRO (M2003J6B2G)(MAJ),적합
cfb51af0f920b827b65254d899428986b998bb0168aca17ab9db6e0bf77b5df2,2021-12-10,Unknown,7 PRO (GM1913),부적합
33bd6e4b4ee16745d9fd3d4fb16d79a83f25701dfe8fe696cd3e30be1a724fd8,2021-12-10,Unknown,7 PRO (GM1913) (MAJ),적합
eeb5e197a4b1313323b246c006db861d54fd360394578f966100546d825af767,2021-06-01,Samsung,GALAXY Z FLIP (SM-F707B),부적합
d26c6d2ddd751587d8f69edbd9c427b9320e71e698473acbf6cc22798db61b89,2021-06-01,Samsung,GALAXY Z FLIP (SM-F707B) (MAJ),부적합
fda4e0bfd623a585281d0b9612436e034f4c77ddfabadeab048f6302dd952bbc,2021-06-01,Samsung,GALAXY Z FLIP (SM-F707B) (MAJ),적합
00282636a5fea478ae47bd22cdf4713768b6800a9f6ed448a5e0695a0e2a965d,2022-03-03,Unknown,Y82 (W-K630),부적합
5825d93df5a68ede368e446442c99d31214d0134a0535934ba6b3cfd8c05e1e9,2022-03-03,Unknown,Y82 (W-K630) (MAJ),적합
2e3c8f6f2f1a328ed7b3dee13bfe2371286479cde92260d7c0c9161db9045074,2021-02-18,Oppo,RENO 4 PRO  (CPH2089),적합
9d0bf3c946dfa30d77471ecc4962e430875eb531e06f90cf12c009876bc207c8,2021-02-18,Huawei,P40  (ANA-NX9),적합
66bb092cee1f6602ce9831b5c2f35bb4c12cf60925e11f191d657f6a52e4b4fe,2021-03-18,Samsung,GALAXY S21  (SM-G991B/DS),적합
e364063c4e61d8e0d1000bba410fd99f8496d937786a42ec327cb1dbe6d70a6f,2021-03-18,Samsung,GALAXY S21+  (SM-G996B/DS),적합
817cccee85ff331ef99cb60572ea3769d2892fbcb1bfeb21ad6cfb8b303a8766,2021-10-20,Unknown,NOTE 10  (M2103K19G),적합
83c71a2a04db0bd07d6f20c20cc44a0c6521454da16860fe5727e6b4f0b845d3,2021-10-20,Apple,IPHONE SE 2020  (A2296),적합
3f32d5f3f431c4b250e43d6b325279aa5d636df676f057e33b1e0d3752213ff3,2021-10-21,Unknown,NOTE 10 PRO  (M2101K6G),적합
c8905b9cbf48035bb84833285988a6687a38c26c0d37fb1e73ac4bdd89cccd71,2021-10-21,Samsung,GALAXY A52  (SM-A528B/DS),적합
42c7155b728c05b628df9f25e458460ce394b216b4286b38bc8fa02d17ce3829,2021-11-03,Unknown,CORE S4,적합
aa00b0e1a6fe06e9b7fa7117d8222f4119e3f6eac484721ff5ea4312f6a0a29a,2021-11-03,Unknown,CORE M5,적합
c4e7d8c30960c49819493c6022515e3fafaa3dafa06628ae53995eae52843550,2021-03-17,Unknown,10T  (M2007J3SY),적합
a13db5f1840e7d6eb4546cabded8243027190d6b2ef46419e4bd7a40b4f1b740,2021-05-05,Unknown,VIEW 5  (W-V851),적합
993b0ce15ed52f3f132f7ca66ff94e900d9ca9038e2aa07e0baf1716cf1480f3,2021-05-05,Realme,7  (RMX2155)                             ,적합
3495ec254e99fb907512093953eff821659db00bc58401d1b8e2745405d5f51c,2021-05-05,Honor,9X Lite  (JSN-L21)                         ,적합
bc44dfd7508791218bf6dc7442ddd685ef1218b58a04e5f9d53dc8d50dac6cbc,2021-05-05,Samsung,A02S  (SM-A025G/DSN),적합
563889023932d658b7af1b34fd3f706fb28583c756029887b9c3f509b1c8ec9f,2021-04-28,Unknown,9A  (M2006C3LG),적합
f2c7090e75dd663e10fd8deca1433325ec1e372ac14b374e03d349e96bd5b160,2021-04-28,Unknown,M3  (M2010J19CG),적합
0b86c05db7e0bac22f69e3ce80a3186473de7d0ac436d6e08c67dd840cd651d0,2021-04-28,Unknown,VIEW 5 PLUS  (W-V850),적합
66697edcd7a829b5f306ffec28a2877cf29ae2c921a8b379a7f783dc48406c75,2021-06-01,Unknown,S42,적합
e6f69aa114877d5c4d55f087e5ad93a7da459754940f5b9ac48295abf985855b,2021-06-01,Motorola,MOTO G50  (XT2137/1),적합
aaddbb7588c5983a870581d056b53ee4ada59262427dc7e35053ae2cd3fd9e5e,2021-06-01,Unknown,20 SE  (T671H),적합
75fa860ef1b00e73f0476699615bb6852325c1fe6ddd75db6941cbbb3fd7a479,2021-06-01,Unknown,11 Lite 5G  (M2101K9G),적합
7c117f2139e1630cc929530cdf89e570800c7b5b1e654826a3c65d49e96fd2a5,2021-10-19,Unknown,ROG PHONE 5  (ASUS_I005DA),적합
c48947bb27b058537cf1ff86e222eb007ed94dd31f2780618848a097ff1ead87,2021-10-19,Oppo,RENO 6  (CPH2251),적합
44e13f9f4f9e9502acb1e6732546975883419804fc92e1a5cc458c7f474bad35,2021-02-24,Xiaomi,MI 10T PRO 5G  (M2007J3SG),적합
575170f9dbb6dfe1ee240b6aa6397539ac196de8c0f81ee119840abb1cce5398,2021-11-16,Apple,IPHONE 12 5G (A2403),부적합
139fcebd6fcc1a761e32cd294dc1bac68519a096d39d5b26eb84436221ad4631,2021-12-08,Unknown,F3  (M2012K11AG),적합
40017d842c388a41b01e17d8a2cfeeb580df2ee7ec79f8bef1c82d953575824d,2021-12-10,Unknown,ZENFONE 8,적합
4c593fba9d5400cb96ce2f8955d977f06ce8fd7d03524475ffb395109a1a5fe3,2021-12-10,Unknown,9 PRO 5G,적합
89779363df2b637f7c3d1facd6e5dce325908c5ac5cfd0b9d5bbf0f4d50ee365,2021-06-01,Apple,IPHONE 12 Pro  (A2407),적합
824ac29e045804ba21ff40987bf5594aa7b899aa49124195c46b3a72be484d1d,2021-06-01,Unknown,Redmi 9T (M2010J19SY),적합
0c572a0e5b4ded6142cc4ca9c8d83955fd90fff5ecc44d53e18c2433a4bfc236,2021-06-01,Realme,8  (RMX3085),적합
e32db849ec60bc371dea9bf03b914fe3e257b900426b8cddcd76f27cd1f53703,2021-06-01,Unknown,Zenfone 7,적합
f8c17eb76082ab68bf50c4de173f093dc3d590dc367ca0dd17fcfb63e06ee761,2021-06-01,Unknown,10SE (T766H),적합
4a061207a0f7fced2ce7d1446c28aec7b6ff019ea201e8f8c2d1d2558a1196d7,2021-06-01,Samsung,XCover Pro (SM-G715FN/DS),적합
cd028c17807f4bda2976d8d05960f151feb4242d6958f26929338088e1904c5e,2021-06-02,Apple,IPHONE 12 PRO MAX (A2411 - MGD83F/A),적합
94d80a49a84c41aacfb04c80d10df888062115f1bcb2a01a6438fd4c7d45f873,2021-06-02,Samsung,GALAXY A52  (SM-A525F/DS),적합
3b1456d8c4a1a13fd8d38f4108a89fe1601accfe0c8de675ec442695d51a3293,2021-06-02,Samsung,GALAXY A32  (SM-A325F/DS),적합
e923a82d33355b7d238aca33f62674950922a073382c004b2c99d9501a4e710f,2021-06-02,Unknown,F 200 LS  (W-B2860),적합
744c0e60cf081d0990063b8bb25c977590c15c38d5c4a763a5c6242d6be3e0dd,2021-06-02,Unknown,GL590,적합
6bc8b08490d1746895e1982c805a5d36d0ed269004078e0d3c7676b139cbe1fb,2021-06-02,Motorola,Moto G10 (XT2127-2),적합
dff4e35ea24693b93f2cc3cfca14f4e38c696a6fb08bbbe8fb93b1eb3740b402,2021-06-02,Unknown,Y51 (W-K211),적합
e0f55c79685f039bb15c3aca91978dc187c97479536e425231ccc29f339f0dc2,2021-05-27,Nokia,4.2  (TA-1157),적합
6fdd94ee57e6ebc731efe04877f6f6ebe8e49f75d2ee78bdb08d52be888cfeb2,2021-07-22,Unknown,ULTIMATE 14  (BV5500 PLUS),적합
8fa7d7ff061d5f1e7542d00fd9d197945a4998ab82e44e9729751bce903f0809,2021-07-22,Unknown,ULTIMATE 16  (BV9600E),적합
4b5cdbdccb0ca1050e9d311a51695fc579580a6adc49a954239251bb9dddf9a0,2021-09-29,Unknown,Ultimate 15 (BV5900),적합
b0092f4f51b44c7d267a459ed60a9ebfea5494809f18966f8ecb9fc252bd0944,2021-06-08,Realme,8 PRO  (RMX3081),적합
b8c6132f2c8cdfaba54d94f8c24f7f4b936d6889f866af9d0aae7cd8fbf42c91,2021-06-08,Nokia,8000  (TA-1305),적합
33d479cf5be08d63b17b78a39fc2c05e3eaac9921ba12a6e4fef7e743d119fad,2021-12-02,Sony,XPERIA 5III  (XQ-BQ52),적합
34d69a2b650b294f32475d0df579c746f8c41154ee9a9b11a7a734dc7e019613,2021-12-02,Vivo,X60 PRO  (V2046),적합
3490f5597fff6d84e42b1eb6abb227347ced1be7fcff366aa141b018e42db24c,2021-12-02,Motorola,EDGE 20  (XT2143-1),적합
ad6303f7b9fc5c81e8d6409b0ac271a18bb5bd55eaf6093c602484bbd281fd82,2021-05-05,Unknown,NORD  (AC2003),적합
2526cd4958ceb5abf33bdaa5f645f95b0d661066b407eb71d88a1a8bd06bf1fc,2021-05-05,Huawei,P40 PRO  (ELS-NX9),적합
8d1e5c347cf6c17999d8c94eb284d24e8a6aaaec235bdf70e46b9ef1495d5486,2021-05-05,Unknown,F2 PRO PHANTOM  (M2004J11G),적합
1d2a526f8a003344cc278627ddddf8a0fbf33bba520dde2c365e92fda61c3885,2021-05-05,Sony,XPERIA 1 II  (XQ-AT51),적합
af7d542ce422c756d6fd75c95a817e18b08199596cfe7d3856af81fcd0110661,2021-11-09,Unknown,Y62  (W-K610),적합
4d70113d55f0789bc212f83afc116fff6ce3a9cd9222450131bfb0daeed07711,2021-11-29,Unknown,8T  (KB2003),적합
b172fbdd624ccae502ff9b78485ff976466282247dc3ea8935ed0563d17cd828,2021-11-29,Motorola,MOTO G9 PLAY  (XT2083-3),적합
3ca4b51970ce56df690f53454c7264e192b825683066e1b11b69b919aa9243d8,2021-04-08,Samsung,GALAXY S21 ULTRA  (SM-G998B/DS),적합
2edc153ae7fb1d8715f2c831fa0cdef862be0d81cc1ff3ee5879dc5fb33424b9,2021-04-08,Unknown,11  (M2011K2G),적합
aed37dab26655e803cdd896db9cd09df48e3eb2532b5e2b998c73644ee786550,2021-04-15,Oppo,Find X3 Pro  (CPH2173),적합
72393a42ab8925c96e2c69b9f14a3b9bb5d3b2c4d6980d9f26d9bf9d1850ce39,2021-04-15,Oppo,Find X3 Neo  (CPH2207),적합
25b3e03b8a49a228fbaf1b49e11158241b3af2ba28883e4ce6d63994698945d0,2021-04-15,Oppo,Find X3 Lite  (CPH2145),적합
44340455939a8bd36f3558d3029731663ab6f602b62f896b55de57743c0be719,2021-04-15,Oppo,Find X2 Pro  (CPH2025),적합
981b67bb641a489254fceb72ebd992cebbe1ea6550b8b7238366a612b5387174,2021-04-15,Oppo,A54  (CPH2195),적합
310609cae2835ecbe0230ea463f64cf2743f2d6f0e16c7486e5fc1ad92d920c3,2021-04-15,Oppo,A74  (CPH2197),적합
4d44ea552a9114fbee394abd962dc26ff0ecea2e77361fa6d46c1f4ea75a1061,2021-04-15,Oppo,A94  (CPH2211),적합
a86ef3a6e70501f77f24801fca97f5c467fb9e49520e798e1aa16213905c87ad,2021-12-08,Unknown,NEVA FIRST,적합
4f752ddb5d6d6ab8f3c507ba5e6784d12d2148a74fb4b58c74cd17f73bb80763,2021-12-08,Unknown,11i (M2012K11G),적합
117bd9297fa56e0935c4597267b768a2674733105a1807d43e9785c8aa57294c,2021-12-08,Samsung,GALAXY XCOVER 5 EE  (SM-G525F/DS),적합
9eb407422ff6a275aab97e977617f32d37f8e315e197be7b61cc2b5dea82cdc1,2021-12-08,Unknown,NOTE 10S  (M2101K7BNY),적합
c02b0d5fac2325514caf8420c43d50cd8dc7911d0ee4bbbf7a1ffdcf0165d91e,2021-12-08,Unknown,HAPI 12,적합
daacdb1638cb1c3c7da3258dfe0a95b42ef7d32fb52557f67f88462ecddfb628,2021-12-08,Unknown,NORD 2 5G  (DN2103),적합
0f5eee88bb7fd87c139cd9d25e0d872642859257f432b4f4e5d8c40e58b75666,2021-12-08,Unknown,ALC-1-2021  (MODEL-5033Y),적합
88bd1e555aa5b6659117e590404549d8966b95eceb2e37ae12c825bf31ef4086,2021-11-17,Samsung,GALAXY A32  (SM-A326B),적합
716d4374218bf8c6d0a343d2fc3c9b4f27262c300d034aeae1520a2c90f9f4fa,2021-11-17,Samsung,GALAXY S20 FE  (SM-G780GDS),적합
8f42dbd61d264f0832aee8c4f6c8a9bc1f5bd6f4e28297fb42a2773c1a009f9a,2022-03-03,Unknown,LE SWIPE (MAJ1),부적합
5a2721a7030262a1a72c624e933e986ab233c11b53f32d52c3ea798b9a288127,2021-11-30,Samsung,GALAXY A03S  (SM-A037G/DSN),적합
a254d84e34183053d3a870549e2a3614579d7f071e8f9cd571ffce70465cff9d,2021-11-30,Unknown,20 R  (T767H),적합
a7ff5c555b1a134b4600c39067d12db3c83e9ce0fa3c28b28a11ae826fa9f186,2021-10-06,Unknown,POWER U10  (W-V745),적합
20163dcb1b50e95d7a4771127c9aab9df2ce372b3f5b366c0e1cbc7213a8c6a2,2021-10-06,Unknown,POWER U20  (W-V750BN),적합
917081b42344d3dec4111aa55ca2d18e7fd66655b5938ab351752dc388c05ef6,2021-10-06,Unknown,POWER U30  (W-V755),적합
0be497c83f82537e6194e7c18db5d8f5628b7ab743dc3cf88d2f0b6daeed8928,2021-10-06,Vivo,Y72  (V2041),적합
e6f06142c2445361258dd9fce02646e7a0daf471d153ddb59fd5981090940539,2021-11-09,Samsung,GALAXY A22 5G  (SM-A226B),적합
1aef7b2a6db6e0aff32221914ee270d1230fb6128d238c582fccb3f3d89c498d,2021-10-04,Samsung,Galaxy S20 5G  (SM-G981B/DS),적합
77e1527b4b3eafc9f13a6fbaae95bf0508114f0339c3857b6cdceb63369c0959,2021-10-04,Unknown,10 5G  (M2001J2G),적합
fcf0e4ff19597314500b3bc624eeecf823dadc8749b09792699d12754d2a1ca3,2021-10-04,Oppo,Find X2 Lite 5G  (CPH2005),적합
f41f63ad7d85b6ec18a734c10ebae10bab2dcba30d190fe2240a84584136ed34,2021-04-28,Unknown,LE PULSE,부적합
a44b777e68325b47519dcb3c723a95bf64c0eedad110666f1a20fab89b8d826e,2021-04-28,Unknown,LE PULSE (MAJ),부적합
d801119e9b50fe96696ad732ad76f182bceb5ac3359e31e4043513650a9c4121,2021-04-28,Unknown,LE PULSE (MAJ),부적합
a1b37f937a0fffe6a8ba0b7e2e9cd0dce07397a5c78bfa92510db35c0399fa6d,2021-04-28,Unknown,LE PULSE (MAJ),적합
2e668ce97847ec28c6ba74c48a7ef8a7670f6d3d70c2983d933416a8cb9b3673,2022-03-03,Unknown,LE SWIPE,부적합
2e7c7834767599189b9a4b3eb43dbc20e52e48048f4f8103744b96dcf7ec3c04,2022-03-03,Unknown,LE SWIPE (MAJ2),적합
edb4056eab212791525222dd8aac09730dd6c825ce5e5ca0dc6f13c49e7d119f,2021-11-29,Xiaomi,POCO X3 (M2007J20CG),부적합
d5c6610aa58d2cc46d5cb8f4914536531cfc1fa9e0639c2084a15c2455959ffc,2021-11-29,Xiaomi,POCO X3 (M2007J20CG)(MAJ1),부적합
c0f0e7ccec24b1d21c8516a12fc17bc8d320a1a3ee62ab37d8aed5cc038d8b14,2021-11-29,Xiaomi,POCO X3 (M2007J20CG)(MAJ2),적합
64a68f08323acfda02a75f9ad8fa549980c080adfb0b7c256958d3f0dd2ac3c8,2022-03-24,Unknown,CLAP 20 + (8008396 / 3026X),부적합
b77283925eaedada8a8d0cebb491775e892741bb1cc8b617a6ff97bee4519ae7,2022-03-24,Unknown,CLAP 20 + (8008396 / 3026X) (MAJ),적합
6dcabbac116f7367e9342645c9edbeab2dd8ff0a3d8a59bf0881357bc88431c0,2021-05-05,Motorola,EDGE (XT2063-3 / MC351),부적합
ae731f952adb570da3a19247a64825ce519cf3e052c11c4b5a1bd76d45f51562,2021-05-05,Motorola,EDGE (XT2063-3 / MC351) MAJ1,부적합
19516948b16938c42a75066afccd0e5d5bdcd6456f03ec2d56b1e5600e5d2011,2021-05-05,Motorola,EDGE (XT2063-3 / MC351) MAJ2,적합
aaaa16760679a2c0f77a7b775faf4a62a5bf3ef20084d86b18b22da955c4e7bf,2022-02-22,Samsung,Galaxy Z Fold 3 5G SM-F926B/DS,적합
cb0e28fe74704c2d7d969d18d4f57e871eb62d0dd675257b0b677b7d0c014ad4,2022-02-22,Unknown,10 21061119DG,적합
4779b227d8a80ed9191efe193e6a2316d2cf6a3d59f97febab24eb21d1314b5f,2022-02-22,Unknown,Ogima,적합
e0d0c9c606314c6c9868697c24914cbd833fbf4fcb0c2e6b81323633f8973a70,2022-02-22,Huawei,P50 Pro JAD-LX9,적합
a58588b2393d4d44f1ea71e3495a9073ef22522713b7a86ebe25f7be0405e6b1,2022-02-22,Apple,IPHONE 13 Mini  A2628,적합
a25f38e9028e024eb71454459946b9cf93f90a35ad3aa00f3ae387d86ccfd5fb,2022-02-22,Sony,XPERIA 10 III  XQ-BT52/HQ-BT52,적합
c6059fb3b5bc784de644ca9071bdd6e2a8bccb45d56b2f208c1acdf681a9e25a,2022-03-03,Realme,8 RMX3241,적합
f7ae0b424961c147c9653f0506bf2a155c2da221ee57e5e5deb86f7847d332aa,2022-03-03,Unknown,Y82  W-K630,적합
e91166f329fee73da98de5a47c8a7c9ff08dbee1a54a1e7b20fbd859de450829,2022-03-10,Unknown,Le Kay 283 (3G),적합
da9d49b9f91ecd4aa5428c9b560be9a4ff113fc74a624378763197f1e1cb28f7,2022-03-15,Realme,8i  RMX3151,적합
454e7f17769ed700127b6a6d31e499ebde18a4ae45ff6d06f072d2c9695aad03,2022-03-15,Unknown,Le Omega,적합
cfdbdb8549f387f9088744a1652673487e10de59e981f46579c097a96d62012e,2022-03-16,Unknown,20L - ECLIPSE - T774H,적합
081ddc5a3042e5f8033e872a1674aa56b180ea66d7b83d0e717b8e95b032c803,2022-03-24,Google,PIXEL 6 5G  /  GB7N6,적합
f48fefc39af01e43de1320d15d0d3aaa7cac38d6577cd35aaa8098390e24202d,2022-03-24,Unknown,BAR 20XL / 8008397 / 2019G,적합
ab92878f80b62c6987a4684d7be9d63492ee1b88d059246def4bff39c262ed03,2022-03-24,Unknown,KX-TU456 EXCE,적합
f432100be8ceebfd4e3d46b6a38cce9b41b49c681101544c0b6d2bf42f0c7b18,2022-03-24,Samsung,Galaxy Z FLIP3 5G / SM-F711B,적합
1f3b501cf5c5698894c26b903ffdc32d1d7bf14483fd4387586eb712f61d09b6,2022-03-24,Samsung,A52s 5G  _   SM-A528B/DS,적합
45ba4e103e9dd1401d41f0eb5dc63bacfb2cb2cd52910fec02c7174fc7dd5c8f,2022-03-23,Oppo,A16 CPH2269,적합
6c37efb6e71f3d4dad9e50e40ce0ed80967c493e970a136adb8b543c9a8b4918,2022-03-23,Oppo,A16S CPH2271,적합
31c0b5f7163fd7b812b98f8ce1ed3b6af830a852ab9132699f02c5f7f7f44eca,2022-03-23,Oppo,Find X5 CPH2307,적합
360e4389ad2f555400726adeb6b1adc5c4e155e8005057d3ac8d4149feaa7919,2022-03-23,Oppo,Find X5 Pro CPH2305,적합
1c4234d31f0e7e575e3904d5cef36a5c8133219dd3db90acf44f2fdb641801ab,2022-03-23,Oppo,A76 CPH2375,적합
8cb75e16d6c1c31e375851f48a0b235afeb0e9fbed57da26f6b8023e43276c29,2022-03-23,Oppo,Reno 6 Pro CPH2247,적합
708286e826450eeccbdfbb0413e6983cb402c64c137c8743cb80732dc68efe8c,2022-03-24,Vivo,Y52 5G V2053,적합
b02b384cf2c09c4846d5664b4b5c5096b2c1792136e43cd6bbd4279d0599012d,2022-04-05,Google,Pixel 6 Pro  GLU0G,적합
55b40ffc039be846001aa8ca1eb84bacbc0295a6cde432e2ee0e25a18ecec649,2022-04-05,Samsung,GALAXY S22 5G  SM-S901B/DS,적합
e1e334370c9e9dd3908e7d198cc2f7559b037daec248de9147cd66a6fe3bcc53,2022-04-05,Samsung,GALAXY S22 Ultra SM-S908B/DS,적합
be5cd1a0328a67895d8cb95d9c5adeb2167da3a24866e581042b0be587593343,2022-04-05,Honor,50 Lite  NTN-LX1,적합
1e02d29dbc369b39b1f90135d9abaafe7639d27fd94334f7641362b6e1b2f6eb,2022-04-06,Vivo,Y21S  V2110,적합
d118253cd0e14c25f67146a233b30aa52faf74c307bcf6794ed2a9797db3f7fe,2022-04-05,Vivo,V21 5G V2050,적합
377ebab85400a99b9d012defe0522fcdf332debc70eb0aa32d4de3d7f0f5e36c,2022-04-05,Realme,C25Y  RMX3269,적합
d4309effc936b5d2999f0050149a3161e81c4439677251772cd2b4fc1363455e,2022-04-05,Realme,C21Y  RMX3263,적합
0acb8928534b92e35974d62270a0f5c60e435f07d213e8e7fc08228ca7c491f9,2022-03-10,Motorola,G31 XT2173-3 MC3B8,적합
351652a7bfc00735115a7a650506d56d4f53bb26a8e451463f0743618d9ffb8a,2022-03-24,Samsung,Galaxy S21 FE 5G  SM-G990B/DS,적합
a0b1ebc7191c02b4ddab95fa0e3bac7d7287036c05af9293b92bd0f87e304ed4,2022-05-24,Motorola,MOTO E40 XT2159-3 FR 4+64 DC DS,적합
51336195f20e8de5bdacfcdb8c7733c6fdd5966ca9b93cbe21ffb703f02d990b,2022-05-24,Realme,C31 RMX3501,적합
73a6f181af2501e69263ef0d1bdf814732f9ae221b4b6915297117f6ebd8c642,2022-05-24,Realme,C35 RMX3511,적합
186613305d2e114db2bbfec93c608a94999658156fcc9ff0f526184985419030,2022-06-20,Unknown,DORO 2404  DFC-0130,적합
102db0007a8f2d0e11f1ca6cc3930da613c60294140cb65eef0e08e78979718a,2022-06-20,Samsung,GALAXY A33 - SM-A336B/DSN,적합
e72f944283e3ec539240ef14944ae0438dec55c95d71d1718e77f567d03149de,2022-06-20,Vivo,Y55 - V2127,적합
61f31585ae4113d438282655513d59808481d4b84bef7f0e10d118e914b37650,2022-06-20,Vivo,Y33S - V2109,적합
7c7cb73af99f6ee07759f4467b033979d0423ac7fa21b117eec482bc4c820700,2022-06-20,Vivo,Y01 - V2118,적합
9a2f0e10c4de82fd421f28ebf8962837d1d78d77c4356009a2f3a039757fb141,2022-06-20,Realme,9i - RMX3491,적합
387f73ea12148f1e2ab9db6865647d1b8abe3c156a8ec67adc5a63b6ff0ae554,2022-06-20,Unknown,10C - 220333QNY,적합
1ee00653c9212f9fe83d442bcc81ea757758ec507c624c6517e5e91c1db140aa,2022-06-20,Honor,X7 - CMA-LX1,적합
70945b342ade973f4e4d0f52f247f77042b511881d87451f4b178f1726b50b3f,2022-06-20,Realme,RMX3363 - GT MASTER EDITION,적합
b40c38e11327180c22dfcdb7e5fdacadbc06a4904bb4d33919ef422d95554e10,2022-06-20,Unknown,NOTE11 - 2201117TY,적합
0b2c4993bd887f7971f091d9e36200391bc2c04b1677f8cd66464ece4d0371fb,2022-06-29,Unknown,NOTE 11 PRO 2201116SG,적합
a9734851f5bf496d114a175473f40c63a6d6ac8cff6b292197c50bd94fbf7b16,2022-06-29,Honor,50 NTH-NX9,적합
19da72214c7d585509723d2f92d4aee41ddf15ebf5ed57a4beca841494374499,2022-06-29,Unknown,L-XTREM 28,적합
fcc6a2ae38c2362f9670303ac335a2254968987bbe07bc72e8bcf57398599dd7,2022-07-12,Xiaomi,11 LITE 5G  2109119DG,적합
685e43bd4ed67b4ccbc65ba673895291e4cb77f412f914fd62c6c39450bcef44,2022-07-12,Samsung,Galaxy A22 5G SM-A226B,적합
2ccae64fa0fb0d901b86d908fe77a91f549d93b7f93a532fc69c8bb78e7267fd,2022-08-02,Unknown,CORE-X5,적합
4357ba4c3785baacc1789290ec71870e9ef757c29b82ffebde80ef02a2140a31,2022-08-02,Unknown,ACTION-X5,적합
c998214ed0b2af786c73aed20810f207b832eee231fde3ddefe1ad1819fbae0f,2022-08-18,Samsung,GALAXY M23 SM M236B DS,적합
1f2ceaa8030d1726dd14661d79d0ff133be3f0b1ffb489485a37458cc5ada7eb,2022-08-18,Unknown,6880 DFC-0390,적합
09b7f80415782938f6fa9bb2a8162ec4f11f37351697a56f9c9e8e789ddf721b,2022-08-18,Unknown,X67 503878,적합
8412dcac9a11ca162080f929a538f043f3c4b4f75ad49bded952f6f15f2a087e,2022-08-18,Unknown,SWEET5,적합
da38ee75b1f9dc4994354805d355487144eb18b74979efed3a1f98fbc0ee274b,2022-08-18,Unknown,TM350 IZY,적합
4a1000e6de55418dfff0ad0cba308e98bdd166867045ef385c7146b7ace9db03,2022-08-18,Unknown,KONNECT 34,적합
7c171e94bd99133cbfd9380d42c76c1ad06c1478937cc95fa945753e5fc0312e,2022-08-18,Unknown,BIGO SONO,적합
96ee3049855127b9c42a772f9827b2cece653b257b29b575a5bfeec9a4c681bc,2022-08-31,Xiaomi,12  2201123G,적합
66c244dfb48410237c262f45fda2a11852a07b88f0cd8efc00b635277daa7166,2022-08-31,Unknown,A70 PRO,적합
a3e86b72697efc0d8e37ac8f696d5110d39212fe68158ffb88fbf518a660f97b,2022-08-31,Unknown,BV4900 PRO,적합
7f1a7e7b3992ba607e95729a47df74c25e95edb809e5ce46445194da42e7c1ad,2022-08-31,Xiaomi,MI 11T PRO 2107113SG,적합
d62851c7cc27eee44dd7f3b182520657692049347721f059452152c40e6a1c31,2022-08-31,Unknown,CYBER 8,적합
4321502b2811b752b9a68fff34867c76ed6cae3e79ace4f5a70c4ce062f27399,2022-08-31,OnePlus,ONEPLUS NORD CE 2   IV2201,적합
f645d9616b0f83c7251ae4e5b1d9ee88062a01022be74f214b36c3bcaefde8d3,2022-08-31,Unknown,SMARTPHONE POCO X4 PRO +  5G    2201116PG,적합
bb8c09bfb95955815e94629407f86c3cbfd8a6c2a488e31469b9df8ec3f4ed0d,2022-08-31,Honor,X8 TFY-LX1,적합
c8ee2cd4e6e020194b4e0f70f3ddda48c3bf37ddd0bf8250f65c534d47fdb9a3,2022-08-31,Motorola,MOTO G200   XT2175-1,적합
5a2d46ebfa9dbb951b3da0be3d10c919f6cca8b5dae7cd7d4a99a6ee1ab55a0e,2022-08-31,Motorola,SMARTPHONE MOTO G51  5G  XT2171-2,적합
81019fa15eac3bda1aac80c255a7d4d5df40176d999cb23730e6391206f47437,2022-08-31,Realme,SMARTPHONE REALME 9 PRO+  5G   RMX3393,적합
19ad88451fd15eb74018294785263402d499ded36ae656e62a721adb7856ee4e,2022-08-31,Realme,SMARTPHONE  REALME  GT2  5G  RMX3311,적합
b53d1cb452196ed92ad6a3562dfc4c14f7abf2b8408753989964bec82228cd10,2022-08-31,Realme,SMARTPHONE  REALME GT NEO2  5G  RMX3370,적합
2f90aff74789be6da7f8c4e35bf155b4410027403a91bbde2da391936b65e5f6,2022-08-31,Samsung,GALAXY M32  SM-M325FV/DS,적합
33603d3da956fc41ff1f93a05631cd8a86b7cb102cdfb5fa53a3552a90f2b57e,2022-08-31,Honor,MAGIC4 LITE  ANY-NX1,적합
44501c7fcc8632e5e1eee09259faf515dcc06d4c41e7cd330c4447b332410e04,2022-08-31,Unknown,SMARTPHONE POCO M4 PRO   2201117PG,적합
d409c3842d5497c9a52cd63f195ca8e1dcc7dcf533e8e0c3bf46f16b46a19b4f,2022-09-20,Unknown,Neva Sparkle,적합
5cf381fef71b8a0f8536a39612c18788748dd5dce0877a9776d93a81729cf59a,2022-09-21,Oppo,Find X5 Lite 5G CPH2371,적합
d28aed6f6c11cb25f1aa34930cf5d74493fee4250a1abe49f2620d88f1ee2d57,2022-09-21,Oppo,A77 5G CPH2339,적합
fe2ab6136dcb542cea7809e4874db792d53626773e436f5e127146b66e84cd8b,2022-09-21,Oppo,RENO 8 5G CPH2359,적합
143654883a8f98f17211eca9f1e292fa75a5d8655b2e96260ec1617685e7c07d,2022-09-20,Motorola,EDGE 20 lite XT2139-1,적합
7c139f7a26de4b60baca20c09be9ff34fbb25fc6d08870f4775b31597a9daa30,2022-09-21,Oppo,Reno 7 CPH2363,적합
7dab5ae1ffa4befde6b55732e3fcaf8f3454debf9c459be7df1d539b24a3185a,2022-09-23,Samsung,XCOVER6 PRO / SM-G736B/DS,적합
bb4230b2aefbaf9bff39e80a57014a5510fb1416e7683f1e49565ab599d4c41e,2022-09-23,Unknown,30 / T676H,적합
d18249b1810a87eed4fd08dc652be5101bb5dee8a30e0278a2af4dcf32ae50ff,2022-09-23,Samsung,GALAXY Z FLIP4 / SM-F721B,적합
f3c6170ff457884bb095b869e84178fe93c9c60091675b6b196fbd594f0aca1a,2022-09-20,Samsung,GALAXY S22 Plus - SM-S906B/DS,적합
40ac649eb1b3470d51569606843daffc17aa6cb4da7a2b0abe2b40b09509dd55,2022-09-20,Samsung,GALAXY A13 - SM-A135F/DSN,적합
12bd2518bad51e6435ca47773f4cbb9201851403f93bdd73c0550e6e6cad5993,2022-09-20,Samsung,GALAXY A03 - SM-A035G/DSN,적합
93bdd04b6e5002ef75821de68f9b78df586c4b525a350c6be772eb000ae04d0b,2022-09-20,Samsung,GALAXY A53 5G - SM-A536B/DS,적합
be67e9a46c862cf8cd1b2a39cfe98d4364cc73004cea56f96b1922216b41bce5,2022-09-20,Unknown,4 5G - FP4,적합
c87f8c0ed16ba2464e2993cdfc8b42f69d4a47745431c2b042ce1ccc49d17910,2022-09-20,Vivo,VIVO Y76 5G V2124,적합
d4c0cde7b115262886fef9daebe2ac4db16fee761b67aac926af37659ccfdec3,2022-12-01,Unknown,SMART 3 - SKU 2516332T,적합
e7ee5361a3f67adb84fbc7dc0bf7698f2e9bbe794d504d9b1978f9a88dd63180,2022-11-15,Unknown,NORD CE 5G EB2103,적합
6dfb2ec4f06183761624db376889c059282b20960ec010d1680092cb7cb3e8ab,2022-11-25,Samsung,GALAXY A53 5G - SM-A536B/DS,적합
8b75ed8689a1f3752109e0847340dcd8b005612e9a45fe05e5b304389de816b6,2021-10-27,Apple,IPHONE 13  (A2633),적합
6cfec168d2b5c8ba9c85026c6b01e13780e832e20fc4b1a54b113e0086bee020,2021-11-16,Apple,IPHONE 12 MINI  5G  (A2399),적합
63ecc9aa9a503b0f5f8f5d2d917e27d1e24e71ef9592663e903e85e88756c25d,2021-11-16,Apple,IPHONE 12 5G (A2403) (MAJ),적합
87f7ede9f01440702a0ab22602c64caddd779f450ab643b3e035e32473605781,2022-08-31,Unknown,S88 PLUS,부적합
573baae3998083e2e0b3a93826ff523fc230a6d9e0938c991a86f30e025b21b4,2022-07-12,Unknown,SIMPLICITY (V27-LTE),부적합
0b04b81f9d196c8098706e3b012cdb7332529195d744813d0a603fc238260644,2022-08-31,Unknown,SMART 4 (S4),부적합
f522dc4d597a907ae081f946aa23383431cdfc60f9567d77be9172f0e888b397,2023-03-30,Unknown,FLOW,부적합
e00e11af8a9ec6427c112c86c303417b768957afead6eeed82b803d89cd2bbf6,2023-03-30,Unknown,FLOW (MAJ),적합
acfbf39f74a7c4eb908e8414ec96a4b4b9e686e75502e4d6aee83a8c444c22c6,2022-08-31,Unknown,CYBER 7,부적합
6f9e444840387c67b34b45b7ea19d2822c6dfb6365a7b6f675caa01d9a9f3b43,2023-03-28,Apple,IPHONE 14 PRO MAX  (A2894),적합
b411b068d15272c0c926f1cd837637126c5823717b4da3841a64042042a53553,2023-03-28,Apple,IPHONE 14 PRO PLUS  (A2886),적합
9a36f0e9a7dbc48e71e33c059bc3370eca8918e0d4e3f9542778ef0f3cf4c91a,2023-03-28,Apple,IPHONE 14  (A2882),적합
ac7e3892181f9e632ab9f0d44ac1599bdfb505bedecfc028b73a2ce6d6239661,2023-03-30,Motorola,MOTO e20  (XT2155-6 moto e20),적합
ad6b41679c89cae4bf0cb098041b38d9fee8967dc331f5bcd8284ac54486b2c4,2023-03-30,Unknown,6820  (DFC380),적합
7bb38aab22bd96a97158cce24f65b924320219566db0030c6935f80a398fed90,2023-03-30,Unknown,REDMI 10A  (220233L2G),적합
6c975c2af15e36ed30a8a5fcf8f4bc9b671b267e59bc13c0fe5738187b36b5d2,2023-03-30,Samsung,GALAXY A23 5G  (SMA236B/DSN),적합
4bb2ab8c7fc02d90cae305199804f5e72d7535a8fb7de8a57869b52552ee2b5d,2023-03-30,Unknown,403  (T431D),적합
9e260000e352d0ae1caea7084c15bc14388cfc643dfba936ede27622cea95c65,2023-03-30,Unknown,3189D,적합
f6e7e11e75e79ac86fd62224d342a3fccefddfb43f495342550254526d5bd207,2023-03-30,Samsung,GALAXY S23  (SM-S911B/DS),적합
2a6dab5fb5002f456dcde161cef81521773dc53c22ee2e984983d6e3f9ee0e0e,2023-06-15,Unknown,DFB-0350  (1380),적합
f9f46c939a3f8e897e6d9f4002b90439aedd637e3379dad2262c6f6d8fecb9fb,2023-06-15,Unknown,FIVE,적합
08abe4bfd72171bce489e7aab266435f59555c6ae968c72b201e006f7d54899d,2023-06-15,Unknown,SMART PRO,적합
dc6b6f6e618763184c92b13e74f3cd14ce867992d2529dc996bf0de70e7ec425,2023-06-19,Motorola,RAZR 2022  (XT2251-1),적합
4c708e21bc9d6a23eba4ce7a1fd9559c8a62d5e39695cd149a5ff7904547a84e,2023-06-19,Unknown,PHONE 1  (A063),적합
2c93976f3b30f1816d42bd273433abaaba40028e5a0fbf3d1bb7a58e6ef6b9bc,2023-06-19,Vivo,Y21  (V2111),적합
79b593acbca180443b50c0dcfd771992f851682e772c3eec0f80e88f92fe9a08,2023-06-19,Vivo,V23  (V2130),적합
b796738f04cc294a625b927da665d7113676f4c806250145795fa731769d9e38,2023-06-21,Samsung,GALAXY Z FOLD 4  (SM-F936B/DS),적합
b98b760881c40368e50d6819fd578cb7db1d11f20dd95827b516e747016dbac0,2023-06-21,Samsung,GALAXY A54 5G  (SM-A546B/DS),적합
76e4c77e0c95c4e85b8a276745a34dd396fdf1f970e50c6ec34534e944dca2d0,2023-06-21,Xiaomi,13 5G  (2211133G),적합
eda283c1dd21208a038bfd30e44a279561c4091dc1acff3f1ebf3fd9c97bb6eb,2023-06-21,Xiaomi,13 PRO  (2210132G),적합
4305f36bf3baa241621b8a2243e2c4fa1e354b7861afdb51c735074c0a0b20e5,2023-06-21,Unknown,NOTE 12 PRO 5G  (22101316G),적합
7c268544828ac58bcbe7f1b486b7d0dab8688b881304ccd89699ad03bdf3aff5,2023-06-21,Samsung,GALAXY S23 ULTRA  (SM-S918B/DS),적합
becb46cc4bb01d81531a5dd1d495d3df6ddf37423d2a589b725c4ca2dc22e2aa,2023-06-21,Samsung,GALAXY S23+  (SM-S916B/DS),적합
cac7943e440157606a79c981338f0747180b2ee1506f72e91da2bbf3a247ac71,2023-06-21,Samsung,GALAXY A34  (SM-A346B/DSN),적합
053d523dc9e3a435d725e5145ac6f2f86a365b680a2c8e702d776e030ff7ab58,2023-06-21,Xiaomi,12 LITE  (2203129G),적합
9b4e4434c937eda6af3233fc116911e9bdee1ae6df63594d2e2af97a580cf37c,2023-06-21,Xiaomi,12T PRO  (22081212UG),적합
a165dbb3fd60330379e8529a96150957d935a0b1ddc135bae4ae0886138f0bdc,2023-06-21,Unknown,NOTE 12 PRO+ 5G  (22101316UG),적합
14069d9abfb318cc581c61537415b5bafdb2bca4b4e464d57941f15e5f30f852,2023-03-21,Honor,MAGIC 5 LITE  (RMO-NX1),적합
055d1f747b998aca27bba774be3da5dfa420a23eba8c750cd7f2f2f3ea3c9201,2023-03-21,Samsung,GALAXY A04S  (SM-A047F/DSN),적합
39a963bfd0bf1c21e48467359d81726ce7db1c9455f1d58253249bd02de36b9c,2023-08-02,Motorola,E13  (XT2345-3),적합
1336c8c1078be52b19e792693ba6adf3c780f270a1ec2df95af0d6beb43f7f25,2023-09-19,Motorola,MOTO G13  (XT2331-2),적합
f454e43121c54a78c633bee419bedbd6250b1544a7fc47a84a5ad58cdd408d57,2023-09-19,Unknown,40SE  (T610K),적합
269ef6b35626053547d32f5339e3e98c709e3fac8fc603758f04e8a65d855e45,2023-09-19,Vivo,X90 PRO  (V2219),적합
58125d61710750986f698b73861c35626c6977a5f8bba7b68e6e9f9dd974d6c7,2023-09-19,Unknown,REDMI NOTE 12 5G  (22111317G),적합
7a1e45d13bf3ff74f95b5ea8bf87be7e63ba54baf39dd3f7e2208d085cb45d71,2023-09-19,Unknown,REDMI A1  (220733SG),적합
0cb8b8232d354f749dc7d84d4cd0d7ee2a971042006a9f8cc629aa4b65ff7600,2023-09-19,Realme,GT NEO 3T Dragon Ball Edition  (RMX 3371),적합
60fd048e3ddf72c181c37916e0c9c543906b57c591365741750baa6708e315fe,2023-09-19,Samsung,GALAXY A14 5G  (SM-A146P-DSN),적합
dfb83f09cdcf23f2485c71bf94923d1a8a027c3898d79c431fce50decd6045bb,2023-09-19,Samsung,GALAXY A23 5G  (SM-A236B/DSN),적합
dc9fd778d2ef4443eca56767af3b1b3fee61780b2b1f3aef331a8b4aa28f2fcd,2023-10-10,Unknown,E25,적합
033f51a53a96cc0ae95059d6bcfedd06ff92f1436c04e52cfda711de0fea0248,2023-10-10,Unknown,F3,적합
f275668a8d045826571ce92a4ef67136adaddf95259d979c70dbf9e2b98fba8e,2023-10-10,Unknown,F4,적합
538e23aadb3fef0a3f31d6c57c40916ce8965ca1f964f93489254c48b9e6beb5,2023-10-10,Unknown,S25,적합
e16cfae401f9556b5aca383b91da1189730fa4265b2b921d57c5c4f4c091be5e,2023-10-10,Unknown,HOTAH,적합
58fa95e68fa4a733c1fb84cb46a95f3ff7d7ead5fe7765f51b658d114b4bc2cf,2023-10-10,Unknown,RG750  (PSM02G),적합
7b15e1299ef3bb8486adf80c233cc7bd6d4e20b2972298f1a863e181dde43a22,2023-09-19,Unknown,ROG PHONE 07  (ASUS-AI2205-C),적합
513362dc9266d0273b10efe8fcfee10d1a4acf066f47cff803ea3330d37675b4,2023-09-19,Honor,90 LITE  (CRT-NX1),적합
a291f56845d4cdf6443e2f0e550ff2f58401b9ff3c2f5ef8f0af21c6df9be9ad,2023-09-19,Huawei,NOVA 11I  (MAO-LX9N),적합
f5999b58fca4970b55341c1586d662f81598eecf9fd941c555f8b28cde23af64,2023-09-22,Unknown,C20,적합
137699dbe587d6ff336c680a0a847eb2cb89a59653c364bd993eb39ec6bbad10,2023-09-22,Unknown,P80,적합
2f7be59a8684c66790f8e8e24e4f1936436564c46bd6831f21816def6cfabd61,2023-10-10,Xiaomi,11T 5G  (21081111RG),적합
b9d5d50e7b954df7439cbf197108107375105f92ff7d8516d9cdec5087264435,2023-10-10,Unknown,NOTE 11S 5G  (22031116BG),적합
9702931606db8c5a3b7e2a5c957b62f0d969b7e9d971b6b879d270a0b9aa7750,2023-10-20,Unknown,CORE-Z5,적합
2c2db0e5aef08c779f3ccc96127da6fcb515347e3818f4be68335f864bbcc284,2023-10-20,Unknown,STELLAR-X5,적합
69f23d4161239134b0e4ac4b6fa9be33fc804ab97541295754fd4ae7d1847c03,2023-10-24,Honor,90  (RES-NX9),적합
a1797144635fcb0eb947678003a0d7481d4e80fce4e8e0ceab1fa94f2c01fec6,2023-10-24,Unknown,X5 5G  (22111317PG),적합
ed5d21d66041bd47d6fdff513f5ad5bbd15dc2306d8b72ea2e0cc03785ba6f73,2023-10-24,Huawei,P60 PRO  (MNA-LX9),적합
4f24a5dede0ffc4f5f9b6fcfe86a7d0db028bf12716c73a183bd198d3b9ecdf0,2023-10-24,Samsung,GALAXY Z FLIP 5  (SM-F731B),적합
767b9b90c7bcc8f965aec71fec9c3cc9c67906644dcdc4b3fe9c4a7c3a8ba24a,2023-11-30,Vivo,X80  (V2145),적합
2428549ea7f84c5cc34e231ce01fca0b410b1bdcc1ab06d468f160ce65cf1e93,2023-09-22,Unknown,Air1 Ultra+,적합
ccece6f374a9d3d525efd6e2b516ea1a5eb25b28027627abc76a4f987e8e1c57,2021-06-01,Google,PIXEL 5 (GTT9Q),적합
2480aad12a349474d563b6b92395d897c91764d5459f225e38a9044d1ea6bfe1,2023-09-19,Nokia,G22 (TA-1528),부적합
a37f90b13d6aa401e414a4d150ecbbd3da2dec34d4d7790cf5a8892728f26e71,2023-09-19,Nokia,G22 (TA-1528) (MAJ),적합
08824ed1d9428de0d47e670ba8f4f947f700ec86ebdcfca6245041b3d75e3531,2023-10-10,Motorola,MOTO G53 (XT2335-2),부적합
ebf472ee957f31ebcdff2b07e5535925a99aa3e6d6faea30ddc7d29fe2956761,2023-10-10,Motorola,MOTO G53 (XT2335-2) (MAJ),적합
c3b6426bf1c7061b786a4462e1d13f6012af3339c3caae43b10257666e663147,2023-08-02,Unknown,DISCOVERY,부적합
d8d7435ebf193639e8dd22af8355e9ad47c6fc4a17a9689f68bf70902b85d5a9,2023-08-02,Unknown,DISCOVERY (MAJ),적합
8a15382a2f4442d8bc9cf15e61896bda0bf1c32b907bb239bfbf1afe27daa98f,2023-06-19,Google,PIXEL 7  (GVU6C),적합
65332957be9d023b418dea3a8d57acb5ca73341ff57772a3466363d30629c2aa,2023-06-19,Google,PIXEL 7 PRO  (GP4BC),적합
70803f0bc6a8661a92e08c066e924455eb194c76262bc158e2594231cf3d814d,2023-09-19,Sony,XPERIA 10V  (XQ-DC54),적합
cf6f8004531de165a7f156a5bfe47d154fd1035a1a8f7e81246efd712e11b253,2023-09-22,Unknown,M5  (22071219CG),적합
6e5f6184bf0388de777c1232d6977ea2fe13e74690b1753b161a90164d532b49,2023-12-07,Unknown,F3 PRO 5G,적합
e691c0ff1905d0bb3b1f94d9e8bdd531170d41c995235f4329563170292e0b90,2023-12-07,Huawei,MATE X3  (ALT-L29),적합
b401b16d0202a8a47ded6366543b4f03db309d4d2022616b977afb45b8dc6efe,2023-12-07,Unknown,X4 GT  (22041216G),적합
8e903be7d0809694d637723556e44cc139f108f46686f6f56e2fac15c79cd8bb,2023-12-07,Apple,IPHONE 15  (A3090),적합
943cb65d981ed8cced92d3674cb58eda42142ce9051ee67602ca0a8e0139d62c,2023-12-07,Unknown,Phone (2)  (A065),적합
35d34e85b0d6a15b0caf908efe2ef900ad0529e28116c4ae6fabcbb20d9774a5,2023-12-19,Unknown,F4 GT  (21121210G),적합
940a7d9122c983722996c021940483368c6ba74cb9b117673c0cca3f3aa2370a,2023-12-19,Huawei,P50 POCKET  (BAL-L49),적합
48eb42e70b8483d3aa175e263d6faed57dd86c71a0dd7aca62a9e9650990e377,2023-12-19,Oppo,A17  (CPH2477),적합
eb9a27c9506f0dbd79644974093a8d3cd6499245db70cbbbc261950bad4df69d,2023-12-19,Samsung,GALAXY Z FOLD 5  (SM-F946BLBCEUB),적합
01e3fd5f7b85a73522b0d017b2e70f19383e50f04c23b67bfcf80b9e0bf4e65b,2022-12-07,Unknown,SIMPLICITY (V27-LTE) (MAJ),적합
210bfa4e34c8bf33249fa4c1018b030f43369917db17189131dae83b0ece1d63,2023-07-06,Unknown,ET45CA,부적합
e1062b0159e8a55338f8588c9190fc92e118e9334f884a3d0a4b9c38b8384439,2023-07-06,Unknown,ET45CA (MAJ),적합
ea093a7cb126b0314ddf87e1be6c453bf148a7f407d30737362b26fe4c7c7230,2023-09-19,Unknown,TAB P11 (TB-J607Z),부적합
bfcfad0626daa94ca748086cec404c9a1b37cd8598128680ec08d16ee7dc34a1,2023-09-19,Unknown,TAB P11 (TB-J607Z) (MAJ),적합
32798fc4c9743ebbc1478d803414ff45584abca1b8b9ceec4f92f4de54cc8042,2023-09-22,Unknown,N50,부적합
10cdaec59659a8c80a424a40112016fbee0942c34d85261b8e2cf96e09ec0370,2023-09-22,Unknown,S100 PRO,부적합
09bfbb197f4acf88822d01bf91b5846e8aa33656c290c9385ce46d6c22c19c37,2023-09-22,Unknown,C80,부적합
653f423ad4bf25a5c3feda153cad578f3c023fba6104768071b0848cd31a0c90,2024-03-20,Unknown,8100 PLUS (DSB-0400),부적합
e634a0dd845922446c1a3e5a4fc3d0092702338a6e67a1628e4b98ad8335c5d2,2024-03-20,Unknown,8100 PLUS (DSB-0400)(MAJ),적합
9fc64ef992737d70246041839bbe575c3a7d60b90e0187e8e57a6d97651befce,2024-03-20,Apple,IPHONE 15 PLUS  (A3094),적합
96c2940b590eab299390bb16e4070c07e3d3e1e7b211b5954c494f6a6f915fd0,2024-03-20,Google,PIXEL 8 PRO  (GC3VE),적합
cbb0d56b91c1671a0082cd5c9b07d334613fac2b557c7453aafa1b961955cf4e,2024-03-20,Honor,MAGIC 6 PRO  (BVL-N49),적합
8b1f1f1f71f94f5b5b9782ef5c883979baca7dc44919391dcd473233adb4f5f0,2024-03-20,Samsung,GALAXY XCOVER 7  (SM-G556B),적합
2a869a39f09a4206c1752102ae742be27b7a9d60ee1003c1464dae6ae297ac2c,2024-03-20,Honor,MAGIC V2  (VER-N49),적합
4350696e278963d169be52a2842847c54d0713a2bfac2553f5e098d518aba1b9,2024-04-02,Unknown,NOTE 13  (23124RA7EO),적합
e5e7b71039816c8f328a41e4bb2c24c88bf480b4fc612611e4352e0acb694fd2,2024-04-02,Honor,MAGIC 6 Lite  (ALI-NX1),적합
c4ba54f98c90a96ce0b3c1df7cbb05be8f22846f2bfc56d5d27f25b2037a616e,2024-04-02,Sony,XPERIA 1V  (XQ-DQ54 ),적합
4daa1b3a9b31e83ba75cd48ac685721bf745825ad354ba79f977b5d2d4e59693,2024-04-02,Sony,XPERIA 5V  (XQ-DE54),적합
e611b4b9af06d64b504f48aa3c176002eeeb98fd64b8db2ea598b31f489fe981,2024-04-03,Samsung,GALAXY S24  (SM-S921B/DS),적합
e2f84dfde1d2df2ddaa71b7a65a131902226c09ce86ff5bd7f40bd8a3bfb14cc,2024-04-03,Samsung,GALAXY S24 PLUS  (SM-S926B/DS),적합
9881d0319cbe2a42ced012feab5b4342db7e44693e848fd6e53b2d539efe4cf0,2024-04-03,Samsung,GALAXY S24 ULTRA  (SM-S928B/DS),적합
43f4567fc3389d8d2ab79776e2fffcb228841a79d93ee89de0b55bf4abf6c70d,2024-04-03,Motorola,RAZR 40 ULTRA  (XT2321-1),적합
eb95d154b089e0af2d5ca4a152fc691ba1325e7cad206f53512cab38c02a01ae,2024-04-03,Samsung,GALAXY A05s  (SM-A057G/DSN),적합
dde49d656b311d5f02b990533016807f92008fce22ae9006224edf44a3d8e0c7,2024-04-03,Samsung,GALAXY A25 5G  (SM-A256B/DSN),적합
d5c55b5468182a89cbe182bc579e5757d37e8d65347614996f84ada4d6c84a25,2024-04-03,Samsung,GALAXY A15 4G  (SM-A155F/DSN),적합
9f3dee3550e8403d100633761cf57b55701f95fa71af5d580ba87ff3d71ab7a6,2024-04-02,Unknown,NOTE 13 PRO 5G  (2312DRA50G),적합
82595a577086da5c8eb45fe95495082516c43e6021204ff3201cdf470a0fadd7,2024-04-02,Sony,XPERIA 1 III  (XQ-BC52),적합
2b2b1803f35c60d8255325d47fb38a21d59531bee150bf75fb4e9b5861aaab6c,2024-04-02,Xiaomi,REDMI 13C  (23108RN04Y),적합
52485843bc45835e6515241f947b8407110584deb8cf7752c107b5be8aad9332,2024-04-02,Xiaomi,REDMI 12C  (22126RN91Y),적합
47f3316aee7dea55c296e529f77b574377a440b83e67aad17f512426ac273e3e,2024-04-02,Unknown,S70 PRO,적합
402bd50ff1e969f0288d1f3267f62a7a0c9a3fa641722ed6d6a32a03b0ebcd66,2024-04-03,Xiaomi,13T PRO  (23078PND5G),적합
7081a08c79ab4205fdffb7a69cb8707e7cb3432993a740b669ffe25856980d65,2024-04-02,Unknown,A52 PRO,적합
5cdd782f204e90e9c9385fed1c2dc39061efbff723c709b0cbab8ce06a8d8130,2024-03-27,Xiaomi,14  (23127PN0CG),적합
a4ca3c2d0f7984850bc391eba608eecb9a4f25577d549907a249e6976e0e8cd6,2024-03-27,Motorola,THINKPHONE  (XT2309-2),적합
4289cd6f90c03b2682edc7307e45786f8145865493534a4d839b0a2aa235051d,2024-03-27,Samsung,GALAXY A14 4G  (SM-A145R),적합
bea3e12cb60bfbed8da1f0e937d4ce112d8248292bff6fb0feaf334b44c75675,2024-03-27,Nokia,G42  (TA-1581),적합
cfa3edf90296e0ecdbe2ada1665ed7efbd24138a964b094143b01a336f8fedef,2024-03-27,Unknown,5 FP5,적합
326d586ddf67c0420735bc48baf02b13b7026c5af27cadba984cbfb6a8e12beb,2024-03-27,Unknown,XTREM 40,적합
8b6d8377777e716e467ee518c13ed42021769a5bb732397ecec3b6929d66edee,2024-03-27,Unknown,XTREM 40 Pro,적합
2be16bda72af335df93d5e4b217b5a2f399584d707bcc80efbf144898916a500,2024-04-03,Google,PIXEL 8  (GPJ41),적합
9ba95e930c3feb001355bf8bd3be1f6335deecdb053a0b03ed029a138cf9533b,2024-06-13,Apple,IPHONE 15 PRO MAX  (A3106),적합
0f65c86e43f24936315bdbcb0eebaa3beba93f1ee473dd88c709ab448e0391fb,2024-10-15,Xiaomi,14T  (2406APNFAG),적합
82035d2fda07204a4b30a1c33035eb159dc02670f8cfb781047326546e4d2b0e,2024-10-15,Unknown,LE WAVE 2,적합
4e744f85376d2892df664df992031bf6269218205ad75c0425537452b6db87ea,2024-10-16,Honor,MAGIC 5 PRO  (PGT-N19),적합
69a3f28b2f3bf1d7ed33e8eaa0b95daa71816737caa51312b1550daceeab8226,2024-10-16,Xiaomi,14 T PRO  (2407FPN8EG),적합
6c7882816c081b576c18a10a204c69ae6921adfdb10990d0f9ca7ae8fc10ed6d,2024-03-20,Samsung,GALAXY WATCH5 PRO  (SM-R920NZTAXEF),적합
a0b6690389e0bbff54f3faa508601fcc821e59ccf2c09d03dc8266a954a7169f,2024-03-20,Xiaomi,REDMI WATCH 4  (M2315W1),적합
7ab2e878c19dc9ed6576d8f1e8c4492a16eb3c30c9821416d18ecee40812d570,2024-05-22,Unknown,TW5P  (T48),적합
50560f7825ba343c9a097af18b19fb7149d16499583737815ac75ef2a979a840,2024-05-22,Unknown,TW7R  (T2),적합
4ac93bacd3027b453ec8ec0dc6e4db562d2f3d46432488cbc1447ce781f62ba8,2024-10-15,Motorola,EDGE 50  (XT2407-1 / MC430),적합
84fea2b9cc2afeaaf74ea1b131a77a3a9ea1af1024f7f5c2a27188fd295ffe68,2024-10-15,Samsung,A35 5G  (SM-A356B/DS UD),적합
2367a96233d7c906afd7e56a6040438eb8d47bc4805dcf7fd112ea14b952329d,2024-10-15,Xiaomi,REDMI 14C  (2409BRN2CY),적합
86451a072915f1e1df267048a19741528243fcb0ee0484a7285a3a5d1b5f1a34,2024-10-16,Unknown,S34,적합
d5b713c55cc6133d0c2cd34e94631fde806a4e87d5e5212ff1a79af6689c98c3,2024-10-16,Unknown,S35,적합
7f7c9da1ba336992a89d8b45e981cfe310c9020d81fb2033ec063706ef74d782,2024-10-30,Unknown,Q1-22  (QT22101B / ES1058) ,적합
55d62ba27529875e6e1ffaefadf289f50351361630c47e110f657108ecabc5bf,2024-10-30,Unknown,Q3-24  (QT23126BP / ES400) ,적합
21690a57ff6737f29c1bad7ffbdaeec444b1c058cf38b8136055ca32b27ac6b6,2024-12-16,Unknown,DSLIDE-114,적합
beba3e8c5226cd6243a22a13dc378ea18b54d914d5df8e34efa700108ea617a9,2024-12-16,Unknown,DSLIDE-1025,적합
6647e041ca02b796640d15493a246f87908858bcb6152237d12f28377653a537,2023-09-22,Unknown,NOTE 16 PRO,부적합
400bcb722bf67e5cf7a57ed87fb200cb7f2972bac2e40470ab101ce7dc9901f9,2023-09-22,Unknown,WP28,부적합
912b469c2b6b39cde61e84b734a39777913d2a66ed74513777aa9cb26ca5f702,2024-03-27,Nokia,110 (TA-1543),부적합
036c0d7a1f37cb7d3e049368d4024313ce6b14c4b8a04869f92dfb1929447e3f,2024-03-27,Nokia,110 (TA-1543) (MAJ),적합
0438d8bdab3539eff7253908dc04f3ca2dbeb4a2f91baf997f1f748278f51531,2024-10-08,Unknown,CORE S5,부적합
f9ae04cbab8eaaed69dfcc99c14993bb4cd541facd2a4e2ecc6f074a8560ecce,2024-10-08,Unknown,CORE S5 (MAJ),적합
880809cf7afb963d20e519ff29df4f7e8e1c28b13e0a7b6ca1d8e7d83f9b0693,2024-11-25,Unknown,STELLAR M6,적합
8d50c6617ba97e850cbafb8b52ca4eb46b92a83898b610b2970d3c4ef8c50133,2025-04-29,Google,PIXEL 7A  (GHL1X),적합
96a7bf60aad8a90a896487f40454a32a9f6e743709221eed65dc0182174df93a,2025-04-24,Google,PIXEL 8A  (G6GPR),적합
e5fb47ff5d5e8767f191116a515445223c54b1f84e460350b3d4b61716f6457f,2024-12-13,Xiaomi,13T  (2306EPN60G),적합
c5234aaabef65689b66955abe7790cdf70166172cf2602c17e3455bfe7a9f8b4,2024-10-23,Unknown,Classic A10,적합
aefa4749d96515a53d20abc19ee834480118069f2505e902b5da7c4d107e77a6,2025-06-05,Unknown,C65  (2310FPCA4G),적합
0b87d7026ae568c02934245eba67408656ed25554252e0719e393c16e66d86f9,2025-06-05,Unknown,C53,적합
2ec9620172bfd0cb0956113f2d073cc54da13235a6f458db53bb95b20868069a,2025-04-16,Unknown,B2 Ultra,적합
8292438f6dbb2b2fabce00d15976d00edb6cacd461e04f69f547fcf9217eccf9,2025-04-17,Unknown,FLAT 1C,적합
1b57c2b228e024818222a2c42f26a91b475724e8b9ab9aaacd5a794669d2a2de,2025-04-17,Unknown,WAVE 6C,적합
65a6fcef0fc60f262de6a672029fa0d2439569000fe6d665d03a0dd6676eb23a,2025-04-15,Unknown,C1+,적합
9a1f790a708572acc47988c5b0639e47bb341c97c0af673b35e0d492d39c6a47,2024-10-23,Unknown,CYBER 15,적합
3abf66c062cb6bf3f5abae2ea1ba6604229492f7bc9a5c671beb5d9f63bffbe0,2024-11-12,Unknown,DISCOVERY 2 ME (25246256D),적합
4d5e4db2e6f7976a449abeb2fcc1b47402c99fcff5fedca0a1174ad157868531,2024-11-28,Google,PIXEL 9  (GA05843-GB),적합
fb9e1cafade71b20026caa5f371bf425a8f97eabd4a6fd03f1418fc3aeb8a740,2024-11-28,Samsung,Z FLIP 6  (SM-F741B),적합
540ecc2bc1d163b5e8d7830a21128d8ff1bff4ceff6d4be9a1b48ae04671548e,2024-11-28,Unknown,NORD 4  (CPH2663),적합
ed8476fb95744727116145c7fb050aef99feb7a236771a975ebe2cc8eff71284,2024-11-28,Unknown,M6 PRO  (2312FPCA6G),적합
73edd910e436171e2f874f698b020275769d21ddd8f847b9d912ce3964af761a,2024-11-28,Honor,X6B  (JDY-LX1),적합
302f0d72caa939914229fc0cfe85cb65a8c424b33b3200a46812638b0c097856,2024-11-28,Honor,200 LITE  (LLY-NX1),적합
43bf8b640c21e5d2c64e5b0d290e0bcff58bbb0faabf0f084cc8ad06748d3ad3,2024-10-15,Unknown,ZENFONE 11 ULTRA  (ASUS_AI2401_H),적합
0efc01933f14d149985beccc5e2587676d07c0e6664c7d14564eb3dcb48ceabc,2025-04-14,Unknown,IDEA PAD 3 17ALC6,적합
31e8a605962ebf2ba0cf843e5d3c556497fb316362b35965d4a0c92697c6e0d5,2024-10-16,Samsung,GALAXY A15 5G  (SM-A156B/DSN UD),적합
a11f77f7f18f533bc2dc989742d3b9bb311dbc967b0a693f5e61328d64188e40,2024-10-16,Samsung,GALAXY Z FOLD 6  (SM-F956B/DS),적합
0f1058f0f80c40d4aea6862d790b6755b4fa6a161af6b32414fbb68738c51d4f,2024-10-16,Apple,IPHONE 16  (A3287),적합
145f6e1d3873852f35da5943bc7a3ba9ea1b0f4c53cb9b37436d5567425a48b4,2024-12-16,Unknown,KONNECT-557,적합
d4ac1d20e6c12c63216876e49ee9a538d9259ca914488e3b19b0daf758a407a7,2024-02-04,Unknown,X98,부적합
934a2dc0bca8e2e337ba62d62cacbc5d4ab88b9981739adbdc2007d55a080a37,2025-02-20,Unknown,SHARK 8,부적합
bc94b52bf905d15c071eb9e7964eab7d15e70f14cb721406a3d80953ee5163ec,2025-02-20,Unknown,SHARK 8 (MAJ),적합
dcc4d7563cf4e72ca83028eb71d1675937eb1cd6cc03e27808f5aba3bfece227,2024-10-23,Unknown,WP36,부적합
b2c01e1a5b11e36b4d59c9575b605e9dcfa5b5cdad7de40b88fa51c0fec5fe5e,2024-10-23,Unknown,WP36 (MAJ),적합
9c111f6fb0329a6eb66672c8b4198656935b556e3ff482f37bd7053ff0859d61,2024-10-23,Unknown,F105,부적합
52ffb9f8755b1e5750831c1fc4019e45cd88aa5c8cc0a70714fdf2cf88282890,2024-10-23,Unknown,NOTE 13,부적합
de25004a116ac453307f43b2adb40a0ded6d3822440019d6eed543b48c56045e,2021-11-16,Apple,IPHONE 12 (A2403),부적합
ee0dd9807cf1d0cfd023de0163c5273de19ac1bf4d73493e576c1bbf2d73f83f,2025-01-09,Unknown,Latitude 5450 XCTO P165G,적합
b8b62ca3c739444a2ebf868132f5bd2bf220884a7aa032b8b05c5ab719904955,2025-03-18,Honor,MAGIC 7 PRO  (PTP-N49),적합
895a0e9c9cce762fbdd4a14b0923c485d0312cb6e7c0920d3f6a8b56751017a4,2025-03-18,Samsung,GALAXY S25 +  (SM-S936B/DS),적합
4a366250772aba12f6b80645068d014715c58625f0ebc74d77cbad192562d796,2025-03-18,Samsung,GALAXY S25  (SM-S931B/DS),적합
d48ab9e9d2fe36bc4cdffd6cb64aa1a2447cdc61cd4de58830ac8fa958e025f7,2025-03-18,Samsung,GALAXY S25 ULTRA  (SM-S938B/DS),적합
5ac573b285aad0419695c88a61b2c145c572cbf859b67dfee5f664b1c17cc746,2025-04-10,Realme,14 pro 5G  (RMX5051),적합
b26bdeb19a3444ded6b2561570481c2ec68a0c6701cba979fdd29ad21729b6ec,2025-04-10,Unknown,REDMI A3  (23129RN51X),적합
c3c54524f1cdac4561de71ce2c1005edd3a1c0a20ab42074c93ecc265ea614b5,2025-04-10,Unknown,F106 Pro,적합
d6ad127bc27602398d24aefd16b0cd6a3f72f1ab8aa956090b16baba2164b921,2025-04-10,Unknown,XS15,적합
62528c555d5235d83c54af5cf30043438d3853a0d48717560c988c15da486824,2025-04-10,Unknown,POLARIS  (SKU 2334N),적합
df671234eec344dad162f45b2ab6b638a07b29aa1b702bf03c27bc55f794ed8f,2025-04-10,Unknown,KING KONG 8,적합
17d552ab5ebe6c857e6cc088ea9e618c28d6c0303637521eb6c7ca6606b81594,2025-04-24,Unknown,ICONIA V11-11-88NY A24005,적합
a123daffc1068e3787d4e94ab5e0f6cb0fa14ab1abb70d2059af37260ae8fe2a,2025-04-24,Unknown,TAB STAND PRO 2,적합
967672b06f493f692fdff5e5c3ef276794340641dd2683bb65eb57d6f77825e6,2025-04-29,Unknown,Y8,적합
16850699958107a388d7d87583f2c8413d61dfc5fd95e082b335a519054f8233,2025-04-29,Unknown,NOTE 20 PRO,적합
d98efcb84891a2725150ef3d6c438fda1c20247366c2abe2acea5526236ed3b3,2025-04-29,Unknown,TK707,적합
1b80335c0b0d388d4210bd486b3a4a16b1a228705baac5226cb8f77cc0ffc2d1,2025-04-29,Unknown,G9A,적합
dac0402b30934a26112a1c401c2e386d55508f6f284c8f1f4f43d30f9aeb78d2,2025-04-29,Unknown,F101 PRO,적합
dce1079af80d7c1aad69eb9f1628de76d5817fc6bf5a0fd7bcaaf6ecf0b0a701,2025-04-29,Oppo,A80 5G  (CPH2639),적합
f0e166a452b368557fda23d01f05289e9d8716a5b0d46839d13964c3f7861a98,2025-04-29,Unknown,M15 PRO,적합
22f464c04f2c46ec6881954ec9a810288f5a380c7c6b3c893ad8d56c4619d25c,2025-04-29,Unknown,FLAT 2C,적합
d768db9f505a4c0955d18bf15a2a48499f27588d8e3f8148b571d1a9d016499a,2025-04-29,Unknown,C58,적합
4902e73f4b64bd6c068b7ee96ca9c6970e86b026b18e110051c5fd5c15a0a942,2025-04-29,Unknown,A07,적합
6a4c10eef4f59243b73c23e830112d4614fbe88d8732c695ef749e7487bd7342,2025-04-29,Unknown,TIGER 10,적합
19135f8bfa70a4206e965215bb70cb6ff59976131643297005b2e376db5d8d62,2025-04-29,Unknown,C57 PRO,적합
989f8ff32313de2d8051c821ca4dc5bcbbb07b632223101cb34c018a86ecf9bf,2025-05-07,Oppo,RENO 12  (CPH2625),적합
c56010e9cedc70660d58839528165fe957a062abad2bc5809cd81d1f9839267e,2025-05-07,Motorola,G15  (XT2521-3),적합
870b8d24996ed211a8914e5b6f074b86af230fea8bdeb2352de223b4bbb6d273,2025-05-07,Oppo,RENO 12F  (CPH2687),적합
f87c26d7a8cb5893817012f4152075eaa85290c62555296cd61ae719ae1f28de,2025-05-14,Unknown,DBOOK 141C,적합
a3b0f1c3af88bcaad52b2e8e272e105ffaea4937d56c4b8b8240833c572f4051,2025-05-14,Unknown,KONNECT-35,적합
37e4606e564f3eedd01ba42bc8ea34a0a2cad11dca73403f22a946351c7f8b89,2025-05-14,Huawei,PURA 70  (ADY-LX9),적합
3c10348eb220800b8b5104220a39aa4e3616bef62cf4be582d800bcb19d3b4a6,2025-05-14,Huawei,MATE X6  (ICL-LX9),적합
55f0b66a5f4511735dacd4c9d45706d9473548d61025508c5f43ee6cc043245c,2025-05-22,Xiaomi,REDMI 13  (24040RN64Y),적합
4c9e091133acf72d726313dde3f8cb333266747aa0e33026010ff2c4a901e925,2025-05-22,Motorola,EDGE 60 Fusion  (XT2503-4 ),적합
ca016b05054a9ffa15054aed7ea362a5d946dbef56505a1edd2c7737069cc704,2025-05-22,Samsung,GALAXY A36 5G  (SM-A366B/DS),적합
7918ced4d799069a36ec8cb24f1387a5380be0ff8dcc7bf6d21417c476e05858,2025-05-22,Xiaomi,15  (24129PN74G),적합
72e8c250e482c865034e46e5bb6114029cbd4c740123e4efae038e04950da36d,2025-05-22,Unknown,1880  (DFB-0460 ),적합
a659069e3c33a90be76fd2e6238aeb91531b157dcc55b6a1a3e79a1cb7b13406,2025-05-22,Apple,IPHONE 16e  (MD1Q4F/A ),적합
73d656c93b3efa1e72e258040c27327c2a7996c1bfecbbe2819298639a49b2c5,2025-05-22,Honor,400 LITE  (ABR-NX1),적합
ec35465abc23510cd119a15d2921fe5d99a91fdb799051ab32912425f8ecdf7e,2025-05-22,Samsung,GALAXY A16  (SM-A165F/DSB),적합
09d2a084ca846f3c74222c953def048445d91a939d74f0dc79530c1f153f604e,2025-05-22,Google,PIXEL 9a  (GTF7P),적합
9ffcc6c121afa0e9c77f6a5fad61c1f410fee54c12552bfeb3e69a6ea6d88f3e,2025-06-12,Oppo,RENO 13 PRO 5G  (CPH2697),적합
bcc9cc5826dbc174c0058b390164cca7b61859400755eee51b7381206a272d7a,2025-06-12,Unknown,T101 FHD2 WIFI  (ACT101FHD2WF),적합
b4e1af0c59b87e61f5ce737f42ad89cba9f87c9f5cc6f70e3c6c4a2f735b7200,2025-06-12,Samsung,GALAXY A26 5G  (SM-A266B/DS),적합
f67835add1b355948771445aef8cc4a8a90e35c672a9143a659ee5acf5b0d660,2025-06-12,Motorola,EDGE 40 NEO  (XT2307-1),적합
07176e9f7cdac919b9aa198c5a80fb8e69818d2d0a350df47b8b7899c0f612b9,2025-06-12,Motorola,E15  (XT2523-6),적합
d7d2f4e0a5112019b5b3a84157f26c3d055b442d1ec2924572cb8cfeb3f8e8b3,2025-06-12,Unknown,PHONE (2A) PLUS  (A142P),적합
45622ba8a02ff5ce83217746bf734f58a35d7723afd2ad0d3c3dd4e77beb37c3,2025-06-12,Xiaomi,MIX FLIP  (2405CPX3DG),적합
532634c59ee2fd31e8bbe64d6d9e3772b5c838c30a5e8223a00e017550aad95a,2025-06-12,Unknown,EZY,적합
f6d15dbe9e2773450120b8eaed9817800c54b48572d73ec3b62e0b7bbfd4626f,2025-06-12,Unknown,BARBIE PHONE  (TA-1681),적합
f284098f251ed66462b24f211339c821523a451fcc95509ce0d359a82cc60ab5,2025-06-26,Xiaomi,REDMI NOTE 14 PRO  (24090RA29G),적합
2703b87a361e92f236e1574abbcf4b8ac2731280757b7ab83f47febb11bfecb4,2025-06-26,Unknown,LEVA L30  (DFC-0530),적합
ed504ad72224ccfb5ffe00e8996df3581f607d098f459827d5727a213554ed01,2025-06-26,Unknown,F5,적합
7123d58941f271dc1a88514730dcec12e5cfb7057c0a706b478c33125a30cdb4,2025-06-26,Motorola,MOTO G84 5G  (XT2347-2),적합
3cd4c11935d8890bf8627b710af4e5456bb3958d20014d3090717da7335bb97a,2025-06-26,Honor,400  (DNY-NX9),적합
a6c86e6bba83787d5fdf388cb8305e63d52e590f79a5d2af22eb9939ae6c82dc,2025-06-26,Unknown,S26,적합
a9883910cd1aca09001345740a01b1e29c24908a41b8474569589dfdc9a90a01,2025-06-26,Unknown,AURORA A30  (DSB-0560),적합
5e1858929b497f18e32593586c3617c50a1228b01f122633ee8861f031e7b84d,2025-06-26,Unknown,X5,적합
e9d00258e251f96a55aed9603f24731fadaabfae3feecdccbdc18612377d40f9,2025-06-26,Honor,200 SMART  (ALT-NX1),적합
f2597fab0eb4213de3a6c94bf8cd4ca1591662cc1cce9540bd8a955e8421851d,2025-06-26,Honor,MAGIC V3 - FCP-N49,적합
b58e377179b78a22f2188da08c4224d2fc9c4b8fe1d9c47eee9614328abf2778,2025-07-02,Unknown,A5  (25028RN03Y),적합
a4591924dde40a9cdc9a646c83c8390e1ad70c697195b8039aef0803a227499c,2025-07-02,Xiaomi,REDMI NOTE 14 PRO+  (24115RA8EG),적합
02eab4013cba6ed7e774f14e6b71acf36a536c5222442ae76b9792e8e57ab366,2025-07-02,Unknown,2800  (DFC-0470),적합
75cbdc2c5fa85dcc49f68946dc5c5f87004bcc76e9af4a2c9032ace45d4741ac,2025-07-02,Realme,NOTE 50  (RMX3834),적합
336e33bbead7b08794e089144fbda01c40632210df71f28e9c26223be137692b,2025-07-02,Samsung,GALAXY S24 FE  (SM-S721B/DS),적합
b86065641ce1685d1551514c680acc1e27e069cd9cc8ecb8814ab1985e253e21,2025-07-02,Motorola,EDGE 50 NEO  (XT2409-1 / MC431),적합
f0dffae6b18048c44d7c98a2cc2db2cf8fa1bc524a4239121195a83af559c16a,2025-07-02,Google,PIXEL 9 PRO  (GEC77),적합
3f384e5a97b212eb71fffd7e0ad6f5f23f32291127ea37c201ccacb7dbf22f6f,2025-07-02,Unknown,AERO,적합
368f47350d5cc98777066d21e21e3153e2ee7dbb43d43ee2fd2ebd6ddf8e3b76,2025-07-02,Motorola,E14  (MC41D),적합
6d21158b83e261e8921b3d43a9e332cd209b4ca4af0001134055c98634a71399,2025-04-10,Unknown,Z70 ULTRA - NX733J,부적합
898418526e400b42c573d7c8fd44fef6af30d69bd26ae2d3e81a89d220c26ae6,2025-04-10,Unknown,NOTE N1,부적합
4276af50d3f9c789fc44227b969b0c826e8dcc4bb15d6847ac16c2e6bb30c52a,2025-06-12,Unknown,3A (A059),부적합
c4b5c55ae6b0a8042684669ddb72d6a23fc035988e25e4085fd654e8a261c564,2025-04-29,Unknown,N55 PLUS,부적합
6c988af5d6a23393d667f13abecc9de6e10c4445cf18811968d4075406d82c00,2025-04-10,Unknown,SMART 9 (X6532),부적합
